ISO-10303-21;
HEADER;
FILE_DESCRIPTION(('Open CASCADE Model'),'2;1');
FILE_NAME('Open CASCADE Shape Model','2026-08-19T10:49:41',('Author'),(
    'Open CASCADE'),'Open CASCADE STEP processor 7.9','Open CASCADE 7.9'
  ,'Unknown');
FILE_SCHEMA(('AUTOMOTIVE_DESIGN { 1 0 10303 214 1 1 1 1 }'));
ENDSEC;
DATA;
#1 = APPLICATION_PROTOCOL_DEFINITION('international standard',
  'automotive_design',2000,#2);
#2 = APPLICATION_CONTEXT(
  'core data for automotive mechanical design processes');
#3 = SHAPE_DEFINITION_REPRESENTATION(#4,#10);
#4 = PRODUCT_DEFINITION_SHAPE('','',#5);
#5 = PRODUCT_DEFINITION('design','',#6,#9);
#6 = PRODUCT_DEFINITION_FORMATION('','',#7);
#7 = PRODUCT('Open CASCADE STEP translator 7.9 2',
  'Open CASCADE STEP translator 7.9 2','',(#8));
#8 = PRODUCT_CONTEXT('',#2,'mechanical');
#9 = PRODUCT_DEFINITION_CONTEXT('part definition',#2,'design');
#10 = ADVANCED_BREP_SHAPE_REPRESENTATION('',(#11,#15),#2191);
#11 = AXIS2_PLACEMENT_3D('',#12,#13,#14);
#12 = CARTESIAN_POINT('',(0.,0.,0.));
#13 = DIRECTION('',(0.,0.,1.));
#14 = DIRECTION('',(1.,0.,-0.));
#15 = MANIFOLD_SOLID_BREP('',#16);
#16 = CLOSED_SHELL('',(#17,#172,#547,#597,#651,#916,#1540,#1567,#1594,
    #1621,#1648,#1658,#1713,#1768,#1823,#1898,#1953,#2003,#2053,#2103,
    #2153,#2158,#2163,#2170,#2177,#2184));
#17 = ADVANCED_FACE('',(#18,#137),#32,.F.);
#18 = FACE_BOUND('',#19,.F.);
#19 = EDGE_LOOP('',(#20,#55,#83,#111));
#20 = ORIENTED_EDGE('',*,*,#21,.F.);
#21 = EDGE_CURVE('',#22,#24,#26,.T.);
#22 = VERTEX_POINT('',#23);
#23 = CARTESIAN_POINT('',(-45.,-24.,15.));
#24 = VERTEX_POINT('',#25);
#25 = CARTESIAN_POINT('',(-45.,24.,15.));
#26 = SURFACE_CURVE('',#27,(#31,#43),.PCURVE_S1.);
#27 = LINE('',#28,#29);
#28 = CARTESIAN_POINT('',(-45.,-30.,15.));
#29 = VECTOR('',#30,1.);
#30 = DIRECTION('',(0.,1.,0.));
#31 = PCURVE('',#32,#37);
#32 = PLANE('',#33);
#33 = AXIS2_PLACEMENT_3D('',#34,#35,#36);
#34 = CARTESIAN_POINT('',(-45.,-30.,-15.));
#35 = DIRECTION('',(1.,0.,0.));
#36 = DIRECTION('',(0.,0.,1.));
#37 = DEFINITIONAL_REPRESENTATION('',(#38),#42);
#38 = LINE('',#39,#40);
#39 = CARTESIAN_POINT('',(30.,0.));
#40 = VECTOR('',#41,1.);
#41 = DIRECTION('',(0.,-1.));
#42 = ( GEOMETRIC_REPRESENTATION_CONTEXT(2) 
PARAMETRIC_REPRESENTATION_CONTEXT() REPRESENTATION_CONTEXT('2D SPACE',''
  ) );
#43 = PCURVE('',#44,#49);
#44 = PLANE('',#45);
#45 = AXIS2_PLACEMENT_3D('',#46,#47,#48);
#46 = CARTESIAN_POINT('',(-45.,-30.,15.));
#47 = DIRECTION('',(0.,0.,1.));
#48 = DIRECTION('',(1.,0.,0.));
#49 = DEFINITIONAL_REPRESENTATION('',(#50),#54);
#50 = LINE('',#51,#52);
#51 = CARTESIAN_POINT('',(0.,0.));
#52 = VECTOR('',#53,1.);
#53 = DIRECTION('',(0.,1.));
#54 = ( GEOMETRIC_REPRESENTATION_CONTEXT(2) 
PARAMETRIC_REPRESENTATION_CONTEXT() REPRESENTATION_CONTEXT('2D SPACE',''
  ) );
#55 = ORIENTED_EDGE('',*,*,#56,.F.);
#56 = EDGE_CURVE('',#57,#22,#59,.T.);
#57 = VERTEX_POINT('',#58);
#58 = CARTESIAN_POINT('',(-45.,-24.,-15.));
#59 = SURFACE_CURVE('',#60,(#64,#71),.PCURVE_S1.);
#60 = LINE('',#61,#62);
#61 = CARTESIAN_POINT('',(-45.,-24.,-15.));
#62 = VECTOR('',#63,1.);
#63 = DIRECTION('',(0.,0.,1.));
#64 = PCURVE('',#32,#65);
#65 = DEFINITIONAL_REPRESENTATION('',(#66),#70);
#66 = LINE('',#67,#68);
#67 = CARTESIAN_POINT('',(0.,-6.));
#68 = VECTOR('',#69,1.);
#69 = DIRECTION('',(1.,0.));
#70 = ( GEOMETRIC_REPRESENTATION_CONTEXT(2) 
PARAMETRIC_REPRESENTATION_CONTEXT() REPRESENTATION_CONTEXT('2D SPACE',''
  ) );
#71 = PCURVE('',#72,#77);
#72 = CYLINDRICAL_SURFACE('',#73,6.);
#73 = AXIS2_PLACEMENT_3D('',#74,#75,#76);
#74 = CARTESIAN_POINT('',(-39.,-24.,-15.));
#75 = DIRECTION('',(0.,0.,1.));
#76 = DIRECTION('',(-1.,-0.,0.));
#77 = DEFINITIONAL_REPRESENTATION('',(#78),#82);
#78 = LINE('',#79,#80);
#79 = CARTESIAN_POINT('',(0.,0.));
#80 = VECTOR('',#81,1.);
#81 = DIRECTION('',(0.,1.));
#82 = ( GEOMETRIC_REPRESENTATION_CONTEXT(2) 
PARAMETRIC_REPRESENTATION_CONTEXT() REPRESENTATION_CONTEXT('2D SPACE',''
  ) );
#83 = ORIENTED_EDGE('',*,*,#84,.T.);
#84 = EDGE_CURVE('',#57,#85,#87,.T.);
#85 = VERTEX_POINT('',#86);
#86 = CARTESIAN_POINT('',(-45.,24.,-15.));
#87 = SURFACE_CURVE('',#88,(#92,#99),.PCURVE_S1.);
#88 = LINE('',#89,#90);
#89 = CARTESIAN_POINT('',(-45.,-30.,-15.));
#90 = VECTOR('',#91,1.);
#91 = DIRECTION('',(0.,1.,0.));
#92 = PCURVE('',#32,#93);
#93 = DEFINITIONAL_REPRESENTATION('',(#94),#98);
#94 = LINE('',#95,#96);
#95 = CARTESIAN_POINT('',(0.,0.));
#96 = VECTOR('',#97,1.);
#97 = DIRECTION('',(0.,-1.));
#98 = ( GEOMETRIC_REPRESENTATION_CONTEXT(2) 
PARAMETRIC_REPRESENTATION_CONTEXT() REPRESENTATION_CONTEXT('2D SPACE',''
  ) );
#99 = PCURVE('',#100,#105);
#100 = PLANE('',#101);
#101 = AXIS2_PLACEMENT_3D('',#102,#103,#104);
#102 = CARTESIAN_POINT('',(-45.,-30.,-15.));
#103 = DIRECTION('',(0.,0.,1.));
#104 = DIRECTION('',(1.,0.,0.));
#105 = DEFINITIONAL_REPRESENTATION('',(#106),#110);
#106 = LINE('',#107,#108);
#107 = CARTESIAN_POINT('',(0.,0.));
#108 = VECTOR('',#109,1.);
#109 = DIRECTION('',(0.,1.));
#110 = ( GEOMETRIC_REPRESENTATION_CONTEXT(2) 
PARAMETRIC_REPRESENTATION_CONTEXT() REPRESENTATION_CONTEXT('2D SPACE',''
  ) );
#111 = ORIENTED_EDGE('',*,*,#112,.T.);
#112 = EDGE_CURVE('',#85,#24,#113,.T.);
#113 = SURFACE_CURVE('',#114,(#118,#125),.PCURVE_S1.);
#114 = LINE('',#115,#116);
#115 = CARTESIAN_POINT('',(-45.,24.,-15.));
#116 = VECTOR('',#117,1.);
#117 = DIRECTION('',(0.,0.,1.));
#118 = PCURVE('',#32,#119);
#119 = DEFINITIONAL_REPRESENTATION('',(#120),#124);
#120 = LINE('',#121,#122);
#121 = CARTESIAN_POINT('',(0.,-54.));
#122 = VECTOR('',#123,1.);
#123 = DIRECTION('',(1.,0.));
#124 = ( GEOMETRIC_REPRESENTATION_CONTEXT(2) 
PARAMETRIC_REPRESENTATION_CONTEXT() REPRESENTATION_CONTEXT('2D SPACE',''
  ) );
#125 = PCURVE('',#126,#131);
#126 = CYLINDRICAL_SURFACE('',#127,6.);
#127 = AXIS2_PLACEMENT_3D('',#128,#129,#130);
#128 = CARTESIAN_POINT('',(-39.,24.,-15.));
#129 = DIRECTION('',(0.,0.,1.));
#130 = DIRECTION('',(-1.,-0.,0.));
#131 = DEFINITIONAL_REPRESENTATION('',(#132),#136);
#132 = LINE('',#133,#134);
#133 = CARTESIAN_POINT('',(-0.,0.));
#134 = VECTOR('',#135,1.);
#135 = DIRECTION('',(-0.,1.));
#136 = ( GEOMETRIC_REPRESENTATION_CONTEXT(2) 
PARAMETRIC_REPRESENTATION_CONTEXT() REPRESENTATION_CONTEXT('2D SPACE',''
  ) );
#137 = FACE_BOUND('',#138,.F.);
#138 = EDGE_LOOP('',(#139));
#139 = ORIENTED_EDGE('',*,*,#140,.T.);
#140 = EDGE_CURVE('',#141,#141,#143,.T.);
#141 = VERTEX_POINT('',#142);
#142 = CARTESIAN_POINT('',(-45.,-4.,-9.797174393179E-16));
#143 = SURFACE_CURVE('',#144,(#149,#160),.PCURVE_S1.);
#144 = CIRCLE('',#145,4.);
#145 = AXIS2_PLACEMENT_3D('',#146,#147,#148);
#146 = CARTESIAN_POINT('',(-45.,0.,0.));
#147 = DIRECTION('',(-1.,0.,0.));
#148 = DIRECTION('',(0.,-1.,0.));
#149 = PCURVE('',#32,#150);
#150 = DEFINITIONAL_REPRESENTATION('',(#151),#159);
#151 = ( BOUNDED_CURVE() B_SPLINE_CURVE(2,(#152,#153,#154,#155,#156,#157
,#158),.UNSPECIFIED.,.T.,.F.) B_SPLINE_CURVE_WITH_KNOTS((1,2,2,2,2,1),(
    -2.094395102393,0.,2.094395102393,4.188790204786,6.28318530718,
8.377580409573),.UNSPECIFIED.) CURVE() GEOMETRIC_REPRESENTATION_ITEM() 
RATIONAL_B_SPLINE_CURVE((1.,0.5,1.,0.5,1.,0.5,1.)) REPRESENTATION_ITEM(
  '') );
#152 = CARTESIAN_POINT('',(15.,-26.));
#153 = CARTESIAN_POINT('',(21.928203230276,-26.));
#154 = CARTESIAN_POINT('',(18.464101615138,-32.));
#155 = CARTESIAN_POINT('',(15.,-38.));
#156 = CARTESIAN_POINT('',(11.535898384862,-32.));
#157 = CARTESIAN_POINT('',(8.071796769724,-26.));
#158 = CARTESIAN_POINT('',(15.,-26.));
#159 = ( GEOMETRIC_REPRESENTATION_CONTEXT(2) 
PARAMETRIC_REPRESENTATION_CONTEXT() REPRESENTATION_CONTEXT('2D SPACE',''
  ) );
#160 = PCURVE('',#161,#166);
#161 = CYLINDRICAL_SURFACE('',#162,4.);
#162 = AXIS2_PLACEMENT_3D('',#163,#164,#165);
#163 = CARTESIAN_POINT('',(45.,0.,0.));
#164 = DIRECTION('',(-1.,0.,0.));
#165 = DIRECTION('',(0.,-1.,0.));
#166 = DEFINITIONAL_REPRESENTATION('',(#167),#171);
#167 = LINE('',#168,#169);
#168 = CARTESIAN_POINT('',(0.,90.));
#169 = VECTOR('',#170,1.);
#170 = DIRECTION('',(1.,0.));
#171 = ( GEOMETRIC_REPRESENTATION_CONTEXT(2) 
PARAMETRIC_REPRESENTATION_CONTEXT() REPRESENTATION_CONTEXT('2D SPACE',''
  ) );
#172 = ADVANCED_FACE('',(#173,#372,#407,#442,#477,#512),#44,.T.);
#173 = FACE_BOUND('',#174,.T.);
#174 = EDGE_LOOP('',(#175,#176,#200,#228,#261,#289,#318,#346));
#175 = ORIENTED_EDGE('',*,*,#21,.F.);
#176 = ORIENTED_EDGE('',*,*,#177,.T.);
#177 = EDGE_CURVE('',#22,#178,#180,.T.);
#178 = VERTEX_POINT('',#179);
#179 = CARTESIAN_POINT('',(-39.,-30.,15.));
#180 = SURFACE_CURVE('',#181,(#186,#193),.PCURVE_S1.);
#181 = CIRCLE('',#182,6.);
#182 = AXIS2_PLACEMENT_3D('',#183,#184,#185);
#183 = CARTESIAN_POINT('',(-39.,-24.,15.));
#184 = DIRECTION('',(0.,0.,1.));
#185 = DIRECTION('',(0.,-1.,0.));
#186 = PCURVE('',#44,#187);
#187 = DEFINITIONAL_REPRESENTATION('',(#188),#192);
#188 = CIRCLE('',#189,6.);
#189 = AXIS2_PLACEMENT_2D('',#190,#191);
#190 = CARTESIAN_POINT('',(6.,6.));
#191 = DIRECTION('',(0.,-1.));
#192 = ( GEOMETRIC_REPRESENTATION_CONTEXT(2) 
PARAMETRIC_REPRESENTATION_CONTEXT() REPRESENTATION_CONTEXT('2D SPACE',''
  ) );
#193 = PCURVE('',#72,#194);
#194 = DEFINITIONAL_REPRESENTATION('',(#195),#199);
#195 = LINE('',#196,#197);
#196 = CARTESIAN_POINT('',(-4.712388980385,30.));
#197 = VECTOR('',#198,1.);
#198 = DIRECTION('',(1.,0.));
#199 = ( GEOMETRIC_REPRESENTATION_CONTEXT(2) 
PARAMETRIC_REPRESENTATION_CONTEXT() REPRESENTATION_CONTEXT('2D SPACE',''
  ) );
#200 = ORIENTED_EDGE('',*,*,#201,.T.);
#201 = EDGE_CURVE('',#178,#202,#204,.T.);
#202 = VERTEX_POINT('',#203);
#203 = CARTESIAN_POINT('',(39.,-30.,15.));
#204 = SURFACE_CURVE('',#205,(#209,#216),.PCURVE_S1.);
#205 = LINE('',#206,#207);
#206 = CARTESIAN_POINT('',(-45.,-30.,15.));
#207 = VECTOR('',#208,1.);
#208 = DIRECTION('',(1.,0.,0.));
#209 = PCURVE('',#44,#210);
#210 = DEFINITIONAL_REPRESENTATION('',(#211),#215);
#211 = LINE('',#212,#213);
#212 = CARTESIAN_POINT('',(0.,0.));
#213 = VECTOR('',#214,1.);
#214 = DIRECTION('',(1.,0.));
#215 = ( GEOMETRIC_REPRESENTATION_CONTEXT(2) 
PARAMETRIC_REPRESENTATION_CONTEXT() REPRESENTATION_CONTEXT('2D SPACE',''
  ) );
#216 = PCURVE('',#217,#222);
#217 = PLANE('',#218);
#218 = AXIS2_PLACEMENT_3D('',#219,#220,#221);
#219 = CARTESIAN_POINT('',(-45.,-30.,-15.));
#220 = DIRECTION('',(0.,1.,0.));
#221 = DIRECTION('',(0.,0.,1.));
#222 = DEFINITIONAL_REPRESENTATION('',(#223),#227);
#223 = LINE('',#224,#225);
#224 = CARTESIAN_POINT('',(30.,0.));
#225 = VECTOR('',#226,1.);
#226 = DIRECTION('',(0.,1.));
#227 = ( GEOMETRIC_REPRESENTATION_CONTEXT(2) 
PARAMETRIC_REPRESENTATION_CONTEXT() REPRESENTATION_CONTEXT('2D SPACE',''
  ) );
#228 = ORIENTED_EDGE('',*,*,#229,.F.);
#229 = EDGE_CURVE('',#230,#202,#232,.T.);
#230 = VERTEX_POINT('',#231);
#231 = CARTESIAN_POINT('',(45.,-24.,15.));
#232 = SURFACE_CURVE('',#233,(#238,#249),.PCURVE_S1.);
#233 = CIRCLE('',#234,6.);
#234 = AXIS2_PLACEMENT_3D('',#235,#236,#237);
#235 = CARTESIAN_POINT('',(39.,-24.,15.));
#236 = DIRECTION('',(-0.,-0.,-1.));
#237 = DIRECTION('',(0.,-1.,0.));
#238 = PCURVE('',#44,#239);
#239 = DEFINITIONAL_REPRESENTATION('',(#240),#248);
#240 = ( BOUNDED_CURVE() B_SPLINE_CURVE(2,(#241,#242,#243,#244,#245,#246
,#247),.UNSPECIFIED.,.T.,.F.) B_SPLINE_CURVE_WITH_KNOTS((1,2,2,2,2,1),(
    -2.094395102393,0.,2.094395102393,4.188790204786,6.28318530718,
8.377580409573),.UNSPECIFIED.) CURVE() GEOMETRIC_REPRESENTATION_ITEM() 
RATIONAL_B_SPLINE_CURVE((1.,0.5,1.,0.5,1.,0.5,1.)) REPRESENTATION_ITEM(
  '') );
#241 = CARTESIAN_POINT('',(84.,0.));
#242 = CARTESIAN_POINT('',(73.607695154587,0.));
#243 = CARTESIAN_POINT('',(78.803847577293,9.));
#244 = CARTESIAN_POINT('',(84.,18.));
#245 = CARTESIAN_POINT('',(89.196152422707,9.));
#246 = CARTESIAN_POINT('',(94.392304845413,8.881784197001E-15));
#247 = CARTESIAN_POINT('',(84.,0.));
#248 = ( GEOMETRIC_REPRESENTATION_CONTEXT(2) 
PARAMETRIC_REPRESENTATION_CONTEXT() REPRESENTATION_CONTEXT('2D SPACE',''
  ) );
#249 = PCURVE('',#250,#255);
#250 = CYLINDRICAL_SURFACE('',#251,6.);
#251 = AXIS2_PLACEMENT_3D('',#252,#253,#254);
#252 = CARTESIAN_POINT('',(39.,-24.,-15.));
#253 = DIRECTION('',(0.,0.,1.));
#254 = DIRECTION('',(1.,0.,-0.));
#255 = DEFINITIONAL_REPRESENTATION('',(#256),#260);
#256 = LINE('',#257,#258);
#257 = CARTESIAN_POINT('',(4.712388980385,30.));
#258 = VECTOR('',#259,1.);
#259 = DIRECTION('',(-1.,0.));
#260 = ( GEOMETRIC_REPRESENTATION_CONTEXT(2) 
PARAMETRIC_REPRESENTATION_CONTEXT() REPRESENTATION_CONTEXT('2D SPACE',''
  ) );
#261 = ORIENTED_EDGE('',*,*,#262,.T.);
#262 = EDGE_CURVE('',#230,#263,#265,.T.);
#263 = VERTEX_POINT('',#264);
#264 = CARTESIAN_POINT('',(45.,24.,15.));
#265 = SURFACE_CURVE('',#266,(#270,#277),.PCURVE_S1.);
#266 = LINE('',#267,#268);
#267 = CARTESIAN_POINT('',(45.,-30.,15.));
#268 = VECTOR('',#269,1.);
#269 = DIRECTION('',(0.,1.,0.));
#270 = PCURVE('',#44,#271);
#271 = DEFINITIONAL_REPRESENTATION('',(#272),#276);
#272 = LINE('',#273,#274);
#273 = CARTESIAN_POINT('',(90.,0.));
#274 = VECTOR('',#275,1.);
#275 = DIRECTION('',(0.,1.));
#276 = ( GEOMETRIC_REPRESENTATION_CONTEXT(2) 
PARAMETRIC_REPRESENTATION_CONTEXT() REPRESENTATION_CONTEXT('2D SPACE',''
  ) );
#277 = PCURVE('',#278,#283);
#278 = PLANE('',#279);
#279 = AXIS2_PLACEMENT_3D('',#280,#281,#282);
#280 = CARTESIAN_POINT('',(45.,-30.,-15.));
#281 = DIRECTION('',(1.,0.,0.));
#282 = DIRECTION('',(0.,0.,1.));
#283 = DEFINITIONAL_REPRESENTATION('',(#284),#288);
#284 = LINE('',#285,#286);
#285 = CARTESIAN_POINT('',(30.,0.));
#286 = VECTOR('',#287,1.);
#287 = DIRECTION('',(0.,-1.));
#288 = ( GEOMETRIC_REPRESENTATION_CONTEXT(2) 
PARAMETRIC_REPRESENTATION_CONTEXT() REPRESENTATION_CONTEXT('2D SPACE',''
  ) );
#289 = ORIENTED_EDGE('',*,*,#290,.T.);
#290 = EDGE_CURVE('',#263,#291,#293,.T.);
#291 = VERTEX_POINT('',#292);
#292 = CARTESIAN_POINT('',(39.,30.,15.));
#293 = SURFACE_CURVE('',#294,(#299,#306),.PCURVE_S1.);
#294 = CIRCLE('',#295,6.);
#295 = AXIS2_PLACEMENT_3D('',#296,#297,#298);
#296 = CARTESIAN_POINT('',(39.,24.,15.));
#297 = DIRECTION('',(0.,0.,1.));
#298 = DIRECTION('',(0.,-1.,0.));
#299 = PCURVE('',#44,#300);
#300 = DEFINITIONAL_REPRESENTATION('',(#301),#305);
#301 = CIRCLE('',#302,6.);
#302 = AXIS2_PLACEMENT_2D('',#303,#304);
#303 = CARTESIAN_POINT('',(84.,54.));
#304 = DIRECTION('',(0.,-1.));
#305 = ( GEOMETRIC_REPRESENTATION_CONTEXT(2) 
PARAMETRIC_REPRESENTATION_CONTEXT() REPRESENTATION_CONTEXT('2D SPACE',''
  ) );
#306 = PCURVE('',#307,#312);
#307 = CYLINDRICAL_SURFACE('',#308,6.);
#308 = AXIS2_PLACEMENT_3D('',#309,#310,#311);
#309 = CARTESIAN_POINT('',(39.,24.,-15.));
#310 = DIRECTION('',(0.,0.,1.));
#311 = DIRECTION('',(1.,0.,-0.));
#312 = DEFINITIONAL_REPRESENTATION('',(#313),#317);
#313 = LINE('',#314,#315);
#314 = CARTESIAN_POINT('',(-1.570796326795,30.));
#315 = VECTOR('',#316,1.);
#316 = DIRECTION('',(1.,0.));
#317 = ( GEOMETRIC_REPRESENTATION_CONTEXT(2) 
PARAMETRIC_REPRESENTATION_CONTEXT() REPRESENTATION_CONTEXT('2D SPACE',''
  ) );
#318 = ORIENTED_EDGE('',*,*,#319,.F.);
#319 = EDGE_CURVE('',#320,#291,#322,.T.);
#320 = VERTEX_POINT('',#321);
#321 = CARTESIAN_POINT('',(-39.,30.,15.));
#322 = SURFACE_CURVE('',#323,(#327,#334),.PCURVE_S1.);
#323 = LINE('',#324,#325);
#324 = CARTESIAN_POINT('',(-45.,30.,15.));
#325 = VECTOR('',#326,1.);
#326 = DIRECTION('',(1.,0.,0.));
#327 = PCURVE('',#44,#328);
#328 = DEFINITIONAL_REPRESENTATION('',(#329),#333);
#329 = LINE('',#330,#331);
#330 = CARTESIAN_POINT('',(0.,60.));
#331 = VECTOR('',#332,1.);
#332 = DIRECTION('',(1.,0.));
#333 = ( GEOMETRIC_REPRESENTATION_CONTEXT(2) 
PARAMETRIC_REPRESENTATION_CONTEXT() REPRESENTATION_CONTEXT('2D SPACE',''
  ) );
#334 = PCURVE('',#335,#340);
#335 = PLANE('',#336);
#336 = AXIS2_PLACEMENT_3D('',#337,#338,#339);
#337 = CARTESIAN_POINT('',(-45.,30.,-15.));
#338 = DIRECTION('',(0.,1.,0.));
#339 = DIRECTION('',(0.,0.,1.));
#340 = DEFINITIONAL_REPRESENTATION('',(#341),#345);
#341 = LINE('',#342,#343);
#342 = CARTESIAN_POINT('',(30.,0.));
#343 = VECTOR('',#344,1.);
#344 = DIRECTION('',(0.,1.));
#345 = ( GEOMETRIC_REPRESENTATION_CONTEXT(2) 
PARAMETRIC_REPRESENTATION_CONTEXT() REPRESENTATION_CONTEXT('2D SPACE',''
  ) );
#346 = ORIENTED_EDGE('',*,*,#347,.F.);
#347 = EDGE_CURVE('',#24,#320,#348,.T.);
#348 = SURFACE_CURVE('',#349,(#354,#365),.PCURVE_S1.);
#349 = CIRCLE('',#350,6.);
#350 = AXIS2_PLACEMENT_3D('',#351,#352,#353);
#351 = CARTESIAN_POINT('',(-39.,24.,15.));
#352 = DIRECTION('',(-0.,-0.,-1.));
#353 = DIRECTION('',(0.,-1.,0.));
#354 = PCURVE('',#44,#355);
#355 = DEFINITIONAL_REPRESENTATION('',(#356),#364);
#356 = ( BOUNDED_CURVE() B_SPLINE_CURVE(2,(#357,#358,#359,#360,#361,#362
,#363),.UNSPECIFIED.,.T.,.F.) B_SPLINE_CURVE_WITH_KNOTS((1,2,2,2,2,1),(
    -2.094395102393,0.,2.094395102393,4.188790204786,6.28318530718,
8.377580409573),.UNSPECIFIED.) CURVE() GEOMETRIC_REPRESENTATION_ITEM() 
RATIONAL_B_SPLINE_CURVE((1.,0.5,1.,0.5,1.,0.5,1.)) REPRESENTATION_ITEM(
  '') );
#357 = CARTESIAN_POINT('',(6.,48.));
#358 = CARTESIAN_POINT('',(-4.392304845413,48.));
#359 = CARTESIAN_POINT('',(0.803847577293,57.));
#360 = CARTESIAN_POINT('',(6.,66.));
#361 = CARTESIAN_POINT('',(11.196152422707,57.));
#362 = CARTESIAN_POINT('',(16.392304845413,48.));
#363 = CARTESIAN_POINT('',(6.,48.));
#364 = ( GEOMETRIC_REPRESENTATION_CONTEXT(2) 
PARAMETRIC_REPRESENTATION_CONTEXT() REPRESENTATION_CONTEXT('2D SPACE',''
  ) );
#365 = PCURVE('',#126,#366);
#366 = DEFINITIONAL_REPRESENTATION('',(#367),#371);
#367 = LINE('',#368,#369);
#368 = CARTESIAN_POINT('',(1.570796326795,30.));
#369 = VECTOR('',#370,1.);
#370 = DIRECTION('',(-1.,0.));
#371 = ( GEOMETRIC_REPRESENTATION_CONTEXT(2) 
PARAMETRIC_REPRESENTATION_CONTEXT() REPRESENTATION_CONTEXT('2D SPACE',''
  ) );
#372 = FACE_BOUND('',#373,.T.);
#373 = EDGE_LOOP('',(#374));
#374 = ORIENTED_EDGE('',*,*,#375,.T.);
#375 = EDGE_CURVE('',#376,#376,#378,.T.);
#376 = VERTEX_POINT('',#377);
#377 = CARTESIAN_POINT('',(-37.5,-20.,15.));
#378 = SURFACE_CURVE('',#379,(#384,#395),.PCURVE_S1.);
#379 = CIRCLE('',#380,5.5);
#380 = AXIS2_PLACEMENT_3D('',#381,#382,#383);
#381 = CARTESIAN_POINT('',(-32.,-20.,15.));
#382 = DIRECTION('',(0.,0.,-1.));
#383 = DIRECTION('',(-1.,0.,0.));
#384 = PCURVE('',#44,#385);
#385 = DEFINITIONAL_REPRESENTATION('',(#386),#394);
#386 = ( BOUNDED_CURVE() B_SPLINE_CURVE(2,(#387,#388,#389,#390,#391,#392
,#393),.UNSPECIFIED.,.T.,.F.) B_SPLINE_CURVE_WITH_KNOTS((1,2,2,2,2,1),(
    -2.094395102393,0.,2.094395102393,4.188790204786,6.28318530718,
8.377580409573),.UNSPECIFIED.) CURVE() GEOMETRIC_REPRESENTATION_ITEM() 
RATIONAL_B_SPLINE_CURVE((1.,0.5,1.,0.5,1.,0.5,1.)) REPRESENTATION_ITEM(
  '') );
#387 = CARTESIAN_POINT('',(7.5,10.));
#388 = CARTESIAN_POINT('',(7.5,19.526279441629));
#389 = CARTESIAN_POINT('',(15.75,14.763139720814));
#390 = CARTESIAN_POINT('',(24.,10.));
#391 = CARTESIAN_POINT('',(15.75,5.236860279186));
#392 = CARTESIAN_POINT('',(7.5,0.473720558371));
#393 = CARTESIAN_POINT('',(7.5,10.));
#394 = ( GEOMETRIC_REPRESENTATION_CONTEXT(2) 
PARAMETRIC_REPRESENTATION_CONTEXT() REPRESENTATION_CONTEXT('2D SPACE',''
  ) );
#395 = PCURVE('',#396,#401);
#396 = CYLINDRICAL_SURFACE('',#397,5.5);
#397 = AXIS2_PLACEMENT_3D('',#398,#399,#400);
#398 = CARTESIAN_POINT('',(-32.,-20.,15.));
#399 = DIRECTION('',(0.,0.,-1.));
#400 = DIRECTION('',(-1.,0.,0.));
#401 = DEFINITIONAL_REPRESENTATION('',(#402),#406);
#402 = LINE('',#403,#404);
#403 = CARTESIAN_POINT('',(0.,0.));
#404 = VECTOR('',#405,1.);
#405 = DIRECTION('',(1.,0.));
#406 = ( GEOMETRIC_REPRESENTATION_CONTEXT(2) 
PARAMETRIC_REPRESENTATION_CONTEXT() REPRESENTATION_CONTEXT('2D SPACE',''
  ) );
#407 = FACE_BOUND('',#408,.T.);
#408 = EDGE_LOOP('',(#409));
#409 = ORIENTED_EDGE('',*,*,#410,.T.);
#410 = EDGE_CURVE('',#411,#411,#413,.T.);
#411 = VERTEX_POINT('',#412);
#412 = CARTESIAN_POINT('',(26.5,-20.,15.));
#413 = SURFACE_CURVE('',#414,(#419,#430),.PCURVE_S1.);
#414 = CIRCLE('',#415,5.5);
#415 = AXIS2_PLACEMENT_3D('',#416,#417,#418);
#416 = CARTESIAN_POINT('',(32.,-20.,15.));
#417 = DIRECTION('',(0.,0.,-1.));
#418 = DIRECTION('',(-1.,0.,0.));
#419 = PCURVE('',#44,#420);
#420 = DEFINITIONAL_REPRESENTATION('',(#421),#429);
#421 = ( BOUNDED_CURVE() B_SPLINE_CURVE(2,(#422,#423,#424,#425,#426,#427
,#428),.UNSPECIFIED.,.T.,.F.) B_SPLINE_CURVE_WITH_KNOTS((1,2,2,2,2,1),(
    -2.094395102393,0.,2.094395102393,4.188790204786,6.28318530718,
8.377580409573),.UNSPECIFIED.) CURVE() GEOMETRIC_REPRESENTATION_ITEM() 
RATIONAL_B_SPLINE_CURVE((1.,0.5,1.,0.5,1.,0.5,1.)) REPRESENTATION_ITEM(
  '') );
#422 = CARTESIAN_POINT('',(71.5,10.));
#423 = CARTESIAN_POINT('',(71.5,19.526279441629));
#424 = CARTESIAN_POINT('',(79.75,14.763139720814));
#425 = CARTESIAN_POINT('',(88.,10.));
#426 = CARTESIAN_POINT('',(79.75,5.236860279186));
#427 = CARTESIAN_POINT('',(71.5,0.473720558371));
#428 = CARTESIAN_POINT('',(71.5,10.));
#429 = ( GEOMETRIC_REPRESENTATION_CONTEXT(2) 
PARAMETRIC_REPRESENTATION_CONTEXT() REPRESENTATION_CONTEXT('2D SPACE',''
  ) );
#430 = PCURVE('',#431,#436);
#431 = CYLINDRICAL_SURFACE('',#432,5.5);
#432 = AXIS2_PLACEMENT_3D('',#433,#434,#435);
#433 = CARTESIAN_POINT('',(32.,-20.,15.));
#434 = DIRECTION('',(0.,0.,-1.));
#435 = DIRECTION('',(-1.,0.,0.));
#436 = DEFINITIONAL_REPRESENTATION('',(#437),#441);
#437 = LINE('',#438,#439);
#438 = CARTESIAN_POINT('',(0.,0.));
#439 = VECTOR('',#440,1.);
#440 = DIRECTION('',(1.,0.));
#441 = ( GEOMETRIC_REPRESENTATION_CONTEXT(2) 
PARAMETRIC_REPRESENTATION_CONTEXT() REPRESENTATION_CONTEXT('2D SPACE',''
  ) );
#442 = FACE_BOUND('',#443,.T.);
#443 = EDGE_LOOP('',(#444));
#444 = ORIENTED_EDGE('',*,*,#445,.T.);
#445 = EDGE_CURVE('',#446,#446,#448,.T.);
#446 = VERTEX_POINT('',#447);
#447 = CARTESIAN_POINT('',(-37.5,20.,15.));
#448 = SURFACE_CURVE('',#449,(#454,#465),.PCURVE_S1.);
#449 = CIRCLE('',#450,5.5);
#450 = AXIS2_PLACEMENT_3D('',#451,#452,#453);
#451 = CARTESIAN_POINT('',(-32.,20.,15.));
#452 = DIRECTION('',(0.,0.,-1.));
#453 = DIRECTION('',(-1.,0.,0.));
#454 = PCURVE('',#44,#455);
#455 = DEFINITIONAL_REPRESENTATION('',(#456),#464);
#456 = ( BOUNDED_CURVE() B_SPLINE_CURVE(2,(#457,#458,#459,#460,#461,#462
,#463),.UNSPECIFIED.,.T.,.F.) B_SPLINE_CURVE_WITH_KNOTS((1,2,2,2,2,1),(
    -2.094395102393,0.,2.094395102393,4.188790204786,6.28318530718,
8.377580409573),.UNSPECIFIED.) CURVE() GEOMETRIC_REPRESENTATION_ITEM() 
RATIONAL_B_SPLINE_CURVE((1.,0.5,1.,0.5,1.,0.5,1.)) REPRESENTATION_ITEM(
  '') );
#457 = CARTESIAN_POINT('',(7.5,50.));
#458 = CARTESIAN_POINT('',(7.5,59.526279441629));
#459 = CARTESIAN_POINT('',(15.75,54.763139720814));
#460 = CARTESIAN_POINT('',(24.,50.));
#461 = CARTESIAN_POINT('',(15.75,45.236860279186));
#462 = CARTESIAN_POINT('',(7.5,40.473720558371));
#463 = CARTESIAN_POINT('',(7.5,50.));
#464 = ( GEOMETRIC_REPRESENTATION_CONTEXT(2) 
PARAMETRIC_REPRESENTATION_CONTEXT() REPRESENTATION_CONTEXT('2D SPACE',''
  ) );
#465 = PCURVE('',#466,#471);
#466 = CYLINDRICAL_SURFACE('',#467,5.5);
#467 = AXIS2_PLACEMENT_3D('',#468,#469,#470);
#468 = CARTESIAN_POINT('',(-32.,20.,15.));
#469 = DIRECTION('',(0.,0.,-1.));
#470 = DIRECTION('',(-1.,0.,0.));
#471 = DEFINITIONAL_REPRESENTATION('',(#472),#476);
#472 = LINE('',#473,#474);
#473 = CARTESIAN_POINT('',(0.,0.));
#474 = VECTOR('',#475,1.);
#475 = DIRECTION('',(1.,0.));
#476 = ( GEOMETRIC_REPRESENTATION_CONTEXT(2) 
PARAMETRIC_REPRESENTATION_CONTEXT() REPRESENTATION_CONTEXT('2D SPACE',''
  ) );
#477 = FACE_BOUND('',#478,.T.);
#478 = EDGE_LOOP('',(#479));
#479 = ORIENTED_EDGE('',*,*,#480,.T.);
#480 = EDGE_CURVE('',#481,#481,#483,.T.);
#481 = VERTEX_POINT('',#482);
#482 = CARTESIAN_POINT('',(-12.5,-3.061616997868E-15,15.));
#483 = SURFACE_CURVE('',#484,(#489,#500),.PCURVE_S1.);
#484 = CIRCLE('',#485,12.5);
#485 = AXIS2_PLACEMENT_3D('',#486,#487,#488);
#486 = CARTESIAN_POINT('',(0.,0.,15.));
#487 = DIRECTION('',(0.,0.,-1.));
#488 = DIRECTION('',(-1.,0.,0.));
#489 = PCURVE('',#44,#490);
#490 = DEFINITIONAL_REPRESENTATION('',(#491),#499);
#491 = ( BOUNDED_CURVE() B_SPLINE_CURVE(2,(#492,#493,#494,#495,#496,#497
,#498),.UNSPECIFIED.,.T.,.F.) B_SPLINE_CURVE_WITH_KNOTS((1,2,2,2,2,1),(
    -2.094395102393,0.,2.094395102393,4.188790204786,6.28318530718,
8.377580409573),.UNSPECIFIED.) CURVE() GEOMETRIC_REPRESENTATION_ITEM() 
RATIONAL_B_SPLINE_CURVE((1.,0.5,1.,0.5,1.,0.5,1.)) REPRESENTATION_ITEM(
  '') );
#492 = CARTESIAN_POINT('',(32.5,30.));
#493 = CARTESIAN_POINT('',(32.5,51.650635094611));
#494 = CARTESIAN_POINT('',(51.25,40.825317547305));
#495 = CARTESIAN_POINT('',(70.,30.));
#496 = CARTESIAN_POINT('',(51.25,19.174682452695));
#497 = CARTESIAN_POINT('',(32.5,8.349364905389));
#498 = CARTESIAN_POINT('',(32.5,30.));
#499 = ( GEOMETRIC_REPRESENTATION_CONTEXT(2) 
PARAMETRIC_REPRESENTATION_CONTEXT() REPRESENTATION_CONTEXT('2D SPACE',''
  ) );
#500 = PCURVE('',#501,#506);
#501 = CYLINDRICAL_SURFACE('',#502,12.5);
#502 = AXIS2_PLACEMENT_3D('',#503,#504,#505);
#503 = CARTESIAN_POINT('',(0.,0.,15.));
#504 = DIRECTION('',(0.,0.,-1.));
#505 = DIRECTION('',(-1.,0.,0.));
#506 = DEFINITIONAL_REPRESENTATION('',(#507),#511);
#507 = LINE('',#508,#509);
#508 = CARTESIAN_POINT('',(0.,0.));
#509 = VECTOR('',#510,1.);
#510 = DIRECTION('',(1.,0.));
#511 = ( GEOMETRIC_REPRESENTATION_CONTEXT(2) 
PARAMETRIC_REPRESENTATION_CONTEXT() REPRESENTATION_CONTEXT('2D SPACE',''
  ) );
#512 = FACE_BOUND('',#513,.T.);
#513 = EDGE_LOOP('',(#514));
#514 = ORIENTED_EDGE('',*,*,#515,.T.);
#515 = EDGE_CURVE('',#516,#516,#518,.T.);
#516 = VERTEX_POINT('',#517);
#517 = CARTESIAN_POINT('',(26.5,20.,15.));
#518 = SURFACE_CURVE('',#519,(#524,#535),.PCURVE_S1.);
#519 = CIRCLE('',#520,5.5);
#520 = AXIS2_PLACEMENT_3D('',#521,#522,#523);
#521 = CARTESIAN_POINT('',(32.,20.,15.));
#522 = DIRECTION('',(0.,0.,-1.));
#523 = DIRECTION('',(-1.,0.,0.));
#524 = PCURVE('',#44,#525);
#525 = DEFINITIONAL_REPRESENTATION('',(#526),#534);
#526 = ( BOUNDED_CURVE() B_SPLINE_CURVE(2,(#527,#528,#529,#530,#531,#532
,#533),.UNSPECIFIED.,.T.,.F.) B_SPLINE_CURVE_WITH_KNOTS((1,2,2,2,2,1),(
    -2.094395102393,0.,2.094395102393,4.188790204786,6.28318530718,
8.377580409573),.UNSPECIFIED.) CURVE() GEOMETRIC_REPRESENTATION_ITEM() 
RATIONAL_B_SPLINE_CURVE((1.,0.5,1.,0.5,1.,0.5,1.)) REPRESENTATION_ITEM(
  '') );
#527 = CARTESIAN_POINT('',(71.5,50.));
#528 = CARTESIAN_POINT('',(71.5,59.526279441629));
#529 = CARTESIAN_POINT('',(79.75,54.763139720814));
#530 = CARTESIAN_POINT('',(88.,50.));
#531 = CARTESIAN_POINT('',(79.75,45.236860279186));
#532 = CARTESIAN_POINT('',(71.5,40.473720558371));
#533 = CARTESIAN_POINT('',(71.5,50.));
#534 = ( GEOMETRIC_REPRESENTATION_CONTEXT(2) 
PARAMETRIC_REPRESENTATION_CONTEXT() REPRESENTATION_CONTEXT('2D SPACE',''
  ) );
#535 = PCURVE('',#536,#541);
#536 = CYLINDRICAL_SURFACE('',#537,5.5);
#537 = AXIS2_PLACEMENT_3D('',#538,#539,#540);
#538 = CARTESIAN_POINT('',(32.,20.,15.));
#539 = DIRECTION('',(0.,0.,-1.));
#540 = DIRECTION('',(-1.,0.,0.));
#541 = DEFINITIONAL_REPRESENTATION('',(#542),#546);
#542 = LINE('',#543,#544);
#543 = CARTESIAN_POINT('',(0.,0.));
#544 = VECTOR('',#545,1.);
#545 = DIRECTION('',(1.,0.));
#546 = ( GEOMETRIC_REPRESENTATION_CONTEXT(2) 
PARAMETRIC_REPRESENTATION_CONTEXT() REPRESENTATION_CONTEXT('2D SPACE',''
  ) );
#547 = ADVANCED_FACE('',(#548),#72,.T.);
#548 = FACE_BOUND('',#549,.T.);
#549 = EDGE_LOOP('',(#550,#574,#595,#596));
#550 = ORIENTED_EDGE('',*,*,#551,.T.);
#551 = EDGE_CURVE('',#57,#552,#554,.T.);
#552 = VERTEX_POINT('',#553);
#553 = CARTESIAN_POINT('',(-39.,-30.,-15.));
#554 = SURFACE_CURVE('',#555,(#560,#567),.PCURVE_S1.);
#555 = CIRCLE('',#556,6.);
#556 = AXIS2_PLACEMENT_3D('',#557,#558,#559);
#557 = CARTESIAN_POINT('',(-39.,-24.,-15.));
#558 = DIRECTION('',(0.,0.,1.));
#559 = DIRECTION('',(0.,-1.,0.));
#560 = PCURVE('',#72,#561);
#561 = DEFINITIONAL_REPRESENTATION('',(#562),#566);
#562 = LINE('',#563,#564);
#563 = CARTESIAN_POINT('',(-4.712388980385,0.));
#564 = VECTOR('',#565,1.);
#565 = DIRECTION('',(1.,0.));
#566 = ( GEOMETRIC_REPRESENTATION_CONTEXT(2) 
PARAMETRIC_REPRESENTATION_CONTEXT() REPRESENTATION_CONTEXT('2D SPACE',''
  ) );
#567 = PCURVE('',#100,#568);
#568 = DEFINITIONAL_REPRESENTATION('',(#569),#573);
#569 = CIRCLE('',#570,6.);
#570 = AXIS2_PLACEMENT_2D('',#571,#572);
#571 = CARTESIAN_POINT('',(6.,6.));
#572 = DIRECTION('',(0.,-1.));
#573 = ( GEOMETRIC_REPRESENTATION_CONTEXT(2) 
PARAMETRIC_REPRESENTATION_CONTEXT() REPRESENTATION_CONTEXT('2D SPACE',''
  ) );
#574 = ORIENTED_EDGE('',*,*,#575,.T.);
#575 = EDGE_CURVE('',#552,#178,#576,.T.);
#576 = SURFACE_CURVE('',#577,(#581,#588),.PCURVE_S1.);
#577 = LINE('',#578,#579);
#578 = CARTESIAN_POINT('',(-39.,-30.,-15.));
#579 = VECTOR('',#580,1.);
#580 = DIRECTION('',(0.,0.,1.));
#581 = PCURVE('',#72,#582);
#582 = DEFINITIONAL_REPRESENTATION('',(#583),#587);
#583 = LINE('',#584,#585);
#584 = CARTESIAN_POINT('',(1.570796326795,0.));
#585 = VECTOR('',#586,1.);
#586 = DIRECTION('',(0.,1.));
#587 = ( GEOMETRIC_REPRESENTATION_CONTEXT(2) 
PARAMETRIC_REPRESENTATION_CONTEXT() REPRESENTATION_CONTEXT('2D SPACE',''
  ) );
#588 = PCURVE('',#217,#589);
#589 = DEFINITIONAL_REPRESENTATION('',(#590),#594);
#590 = LINE('',#591,#592);
#591 = CARTESIAN_POINT('',(0.,6.));
#592 = VECTOR('',#593,1.);
#593 = DIRECTION('',(1.,0.));
#594 = ( GEOMETRIC_REPRESENTATION_CONTEXT(2) 
PARAMETRIC_REPRESENTATION_CONTEXT() REPRESENTATION_CONTEXT('2D SPACE',''
  ) );
#595 = ORIENTED_EDGE('',*,*,#177,.F.);
#596 = ORIENTED_EDGE('',*,*,#56,.F.);
#597 = ADVANCED_FACE('',(#598),#126,.T.);
#598 = FACE_BOUND('',#599,.F.);
#599 = EDGE_LOOP('',(#600,#628,#649,#650));
#600 = ORIENTED_EDGE('',*,*,#601,.T.);
#601 = EDGE_CURVE('',#85,#602,#604,.T.);
#602 = VERTEX_POINT('',#603);
#603 = CARTESIAN_POINT('',(-39.,30.,-15.));
#604 = SURFACE_CURVE('',#605,(#610,#617),.PCURVE_S1.);
#605 = CIRCLE('',#606,6.);
#606 = AXIS2_PLACEMENT_3D('',#607,#608,#609);
#607 = CARTESIAN_POINT('',(-39.,24.,-15.));
#608 = DIRECTION('',(-0.,-0.,-1.));
#609 = DIRECTION('',(0.,-1.,0.));
#610 = PCURVE('',#126,#611);
#611 = DEFINITIONAL_REPRESENTATION('',(#612),#616);
#612 = LINE('',#613,#614);
#613 = CARTESIAN_POINT('',(1.570796326795,-0.));
#614 = VECTOR('',#615,1.);
#615 = DIRECTION('',(-1.,0.));
#616 = ( GEOMETRIC_REPRESENTATION_CONTEXT(2) 
PARAMETRIC_REPRESENTATION_CONTEXT() REPRESENTATION_CONTEXT('2D SPACE',''
  ) );
#617 = PCURVE('',#100,#618);
#618 = DEFINITIONAL_REPRESENTATION('',(#619),#627);
#619 = ( BOUNDED_CURVE() B_SPLINE_CURVE(2,(#620,#621,#622,#623,#624,#625
,#626),.UNSPECIFIED.,.T.,.F.) B_SPLINE_CURVE_WITH_KNOTS((1,2,2,2,2,1),(
    -2.094395102393,0.,2.094395102393,4.188790204786,6.28318530718,
8.377580409573),.UNSPECIFIED.) CURVE() GEOMETRIC_REPRESENTATION_ITEM() 
RATIONAL_B_SPLINE_CURVE((1.,0.5,1.,0.5,1.,0.5,1.)) REPRESENTATION_ITEM(
  '') );
#620 = CARTESIAN_POINT('',(6.,48.));
#621 = CARTESIAN_POINT('',(-4.392304845413,48.));
#622 = CARTESIAN_POINT('',(0.803847577293,57.));
#623 = CARTESIAN_POINT('',(6.,66.));
#624 = CARTESIAN_POINT('',(11.196152422707,57.));
#625 = CARTESIAN_POINT('',(16.392304845413,48.));
#626 = CARTESIAN_POINT('',(6.,48.));
#627 = ( GEOMETRIC_REPRESENTATION_CONTEXT(2) 
PARAMETRIC_REPRESENTATION_CONTEXT() REPRESENTATION_CONTEXT('2D SPACE',''
  ) );
#628 = ORIENTED_EDGE('',*,*,#629,.T.);
#629 = EDGE_CURVE('',#602,#320,#630,.T.);
#630 = SURFACE_CURVE('',#631,(#635,#642),.PCURVE_S1.);
#631 = LINE('',#632,#633);
#632 = CARTESIAN_POINT('',(-39.,30.,-15.));
#633 = VECTOR('',#634,1.);
#634 = DIRECTION('',(0.,0.,1.));
#635 = PCURVE('',#126,#636);
#636 = DEFINITIONAL_REPRESENTATION('',(#637),#641);
#637 = LINE('',#638,#639);
#638 = CARTESIAN_POINT('',(-1.570796326795,0.));
#639 = VECTOR('',#640,1.);
#640 = DIRECTION('',(-0.,1.));
#641 = ( GEOMETRIC_REPRESENTATION_CONTEXT(2) 
PARAMETRIC_REPRESENTATION_CONTEXT() REPRESENTATION_CONTEXT('2D SPACE',''
  ) );
#642 = PCURVE('',#335,#643);
#643 = DEFINITIONAL_REPRESENTATION('',(#644),#648);
#644 = LINE('',#645,#646);
#645 = CARTESIAN_POINT('',(0.,6.));
#646 = VECTOR('',#647,1.);
#647 = DIRECTION('',(1.,0.));
#648 = ( GEOMETRIC_REPRESENTATION_CONTEXT(2) 
PARAMETRIC_REPRESENTATION_CONTEXT() REPRESENTATION_CONTEXT('2D SPACE',''
  ) );
#649 = ORIENTED_EDGE('',*,*,#347,.F.);
#650 = ORIENTED_EDGE('',*,*,#112,.F.);
#651 = ADVANCED_FACE('',(#652,#776,#811,#846,#881),#100,.F.);
#652 = FACE_BOUND('',#653,.F.);
#653 = EDGE_LOOP('',(#654,#655,#656,#679,#707,#730,#754,#775));
#654 = ORIENTED_EDGE('',*,*,#84,.F.);
#655 = ORIENTED_EDGE('',*,*,#551,.T.);
#656 = ORIENTED_EDGE('',*,*,#657,.T.);
#657 = EDGE_CURVE('',#552,#658,#660,.T.);
#658 = VERTEX_POINT('',#659);
#659 = CARTESIAN_POINT('',(39.,-30.,-15.));
#660 = SURFACE_CURVE('',#661,(#665,#672),.PCURVE_S1.);
#661 = LINE('',#662,#663);
#662 = CARTESIAN_POINT('',(-45.,-30.,-15.));
#663 = VECTOR('',#664,1.);
#664 = DIRECTION('',(1.,0.,0.));
#665 = PCURVE('',#100,#666);
#666 = DEFINITIONAL_REPRESENTATION('',(#667),#671);
#667 = LINE('',#668,#669);
#668 = CARTESIAN_POINT('',(0.,0.));
#669 = VECTOR('',#670,1.);
#670 = DIRECTION('',(1.,0.));
#671 = ( GEOMETRIC_REPRESENTATION_CONTEXT(2) 
PARAMETRIC_REPRESENTATION_CONTEXT() REPRESENTATION_CONTEXT('2D SPACE',''
  ) );
#672 = PCURVE('',#217,#673);
#673 = DEFINITIONAL_REPRESENTATION('',(#674),#678);
#674 = LINE('',#675,#676);
#675 = CARTESIAN_POINT('',(0.,0.));
#676 = VECTOR('',#677,1.);
#677 = DIRECTION('',(0.,1.));
#678 = ( GEOMETRIC_REPRESENTATION_CONTEXT(2) 
PARAMETRIC_REPRESENTATION_CONTEXT() REPRESENTATION_CONTEXT('2D SPACE',''
  ) );
#679 = ORIENTED_EDGE('',*,*,#680,.F.);
#680 = EDGE_CURVE('',#681,#658,#683,.T.);
#681 = VERTEX_POINT('',#682);
#682 = CARTESIAN_POINT('',(45.,-24.,-15.));
#683 = SURFACE_CURVE('',#684,(#689,#700),.PCURVE_S1.);
#684 = CIRCLE('',#685,6.);
#685 = AXIS2_PLACEMENT_3D('',#686,#687,#688);
#686 = CARTESIAN_POINT('',(39.,-24.,-15.));
#687 = DIRECTION('',(-0.,-0.,-1.));
#688 = DIRECTION('',(0.,-1.,0.));
#689 = PCURVE('',#100,#690);
#690 = DEFINITIONAL_REPRESENTATION('',(#691),#699);
#691 = ( BOUNDED_CURVE() B_SPLINE_CURVE(2,(#692,#693,#694,#695,#696,#697
,#698),.UNSPECIFIED.,.T.,.F.) B_SPLINE_CURVE_WITH_KNOTS((1,2,2,2,2,1),(
    -2.094395102393,0.,2.094395102393,4.188790204786,6.28318530718,
8.377580409573),.UNSPECIFIED.) CURVE() GEOMETRIC_REPRESENTATION_ITEM() 
RATIONAL_B_SPLINE_CURVE((1.,0.5,1.,0.5,1.,0.5,1.)) REPRESENTATION_ITEM(
  '') );
#692 = CARTESIAN_POINT('',(84.,0.));
#693 = CARTESIAN_POINT('',(73.607695154587,0.));
#694 = CARTESIAN_POINT('',(78.803847577293,9.));
#695 = CARTESIAN_POINT('',(84.,18.));
#696 = CARTESIAN_POINT('',(89.196152422707,9.));
#697 = CARTESIAN_POINT('',(94.392304845413,8.881784197001E-15));
#698 = CARTESIAN_POINT('',(84.,0.));
#699 = ( GEOMETRIC_REPRESENTATION_CONTEXT(2) 
PARAMETRIC_REPRESENTATION_CONTEXT() REPRESENTATION_CONTEXT('2D SPACE',''
  ) );
#700 = PCURVE('',#250,#701);
#701 = DEFINITIONAL_REPRESENTATION('',(#702),#706);
#702 = LINE('',#703,#704);
#703 = CARTESIAN_POINT('',(4.712388980385,-0.));
#704 = VECTOR('',#705,1.);
#705 = DIRECTION('',(-1.,0.));
#706 = ( GEOMETRIC_REPRESENTATION_CONTEXT(2) 
PARAMETRIC_REPRESENTATION_CONTEXT() REPRESENTATION_CONTEXT('2D SPACE',''
  ) );
#707 = ORIENTED_EDGE('',*,*,#708,.T.);
#708 = EDGE_CURVE('',#681,#709,#711,.T.);
#709 = VERTEX_POINT('',#710);
#710 = CARTESIAN_POINT('',(45.,24.,-15.));
#711 = SURFACE_CURVE('',#712,(#716,#723),.PCURVE_S1.);
#712 = LINE('',#713,#714);
#713 = CARTESIAN_POINT('',(45.,-30.,-15.));
#714 = VECTOR('',#715,1.);
#715 = DIRECTION('',(0.,1.,0.));
#716 = PCURVE('',#100,#717);
#717 = DEFINITIONAL_REPRESENTATION('',(#718),#722);
#718 = LINE('',#719,#720);
#719 = CARTESIAN_POINT('',(90.,0.));
#720 = VECTOR('',#721,1.);
#721 = DIRECTION('',(0.,1.));
#722 = ( GEOMETRIC_REPRESENTATION_CONTEXT(2) 
PARAMETRIC_REPRESENTATION_CONTEXT() REPRESENTATION_CONTEXT('2D SPACE',''
  ) );
#723 = PCURVE('',#278,#724);
#724 = DEFINITIONAL_REPRESENTATION('',(#725),#729);
#725 = LINE('',#726,#727);
#726 = CARTESIAN_POINT('',(0.,0.));
#727 = VECTOR('',#728,1.);
#728 = DIRECTION('',(0.,-1.));
#729 = ( GEOMETRIC_REPRESENTATION_CONTEXT(2) 
PARAMETRIC_REPRESENTATION_CONTEXT() REPRESENTATION_CONTEXT('2D SPACE',''
  ) );
#730 = ORIENTED_EDGE('',*,*,#731,.T.);
#731 = EDGE_CURVE('',#709,#732,#734,.T.);
#732 = VERTEX_POINT('',#733);
#733 = CARTESIAN_POINT('',(39.,30.,-15.));
#734 = SURFACE_CURVE('',#735,(#740,#747),.PCURVE_S1.);
#735 = CIRCLE('',#736,6.);
#736 = AXIS2_PLACEMENT_3D('',#737,#738,#739);
#737 = CARTESIAN_POINT('',(39.,24.,-15.));
#738 = DIRECTION('',(0.,0.,1.));
#739 = DIRECTION('',(0.,-1.,0.));
#740 = PCURVE('',#100,#741);
#741 = DEFINITIONAL_REPRESENTATION('',(#742),#746);
#742 = CIRCLE('',#743,6.);
#743 = AXIS2_PLACEMENT_2D('',#744,#745);
#744 = CARTESIAN_POINT('',(84.,54.));
#745 = DIRECTION('',(0.,-1.));
#746 = ( GEOMETRIC_REPRESENTATION_CONTEXT(2) 
PARAMETRIC_REPRESENTATION_CONTEXT() REPRESENTATION_CONTEXT('2D SPACE',''
  ) );
#747 = PCURVE('',#307,#748);
#748 = DEFINITIONAL_REPRESENTATION('',(#749),#753);
#749 = LINE('',#750,#751);
#750 = CARTESIAN_POINT('',(-1.570796326795,0.));
#751 = VECTOR('',#752,1.);
#752 = DIRECTION('',(1.,0.));
#753 = ( GEOMETRIC_REPRESENTATION_CONTEXT(2) 
PARAMETRIC_REPRESENTATION_CONTEXT() REPRESENTATION_CONTEXT('2D SPACE',''
  ) );
#754 = ORIENTED_EDGE('',*,*,#755,.F.);
#755 = EDGE_CURVE('',#602,#732,#756,.T.);
#756 = SURFACE_CURVE('',#757,(#761,#768),.PCURVE_S1.);
#757 = LINE('',#758,#759);
#758 = CARTESIAN_POINT('',(-45.,30.,-15.));
#759 = VECTOR('',#760,1.);
#760 = DIRECTION('',(1.,0.,0.));
#761 = PCURVE('',#100,#762);
#762 = DEFINITIONAL_REPRESENTATION('',(#763),#767);
#763 = LINE('',#764,#765);
#764 = CARTESIAN_POINT('',(0.,60.));
#765 = VECTOR('',#766,1.);
#766 = DIRECTION('',(1.,0.));
#767 = ( GEOMETRIC_REPRESENTATION_CONTEXT(2) 
PARAMETRIC_REPRESENTATION_CONTEXT() REPRESENTATION_CONTEXT('2D SPACE',''
  ) );
#768 = PCURVE('',#335,#769);
#769 = DEFINITIONAL_REPRESENTATION('',(#770),#774);
#770 = LINE('',#771,#772);
#771 = CARTESIAN_POINT('',(0.,0.));
#772 = VECTOR('',#773,1.);
#773 = DIRECTION('',(0.,1.));
#774 = ( GEOMETRIC_REPRESENTATION_CONTEXT(2) 
PARAMETRIC_REPRESENTATION_CONTEXT() REPRESENTATION_CONTEXT('2D SPACE',''
  ) );
#775 = ORIENTED_EDGE('',*,*,#601,.F.);
#776 = FACE_BOUND('',#777,.F.);
#777 = EDGE_LOOP('',(#778));
#778 = ORIENTED_EDGE('',*,*,#779,.T.);
#779 = EDGE_CURVE('',#780,#780,#782,.T.);
#780 = VERTEX_POINT('',#781);
#781 = CARTESIAN_POINT('',(-35.3,-20.,-15.));
#782 = SURFACE_CURVE('',#783,(#788,#799),.PCURVE_S1.);
#783 = CIRCLE('',#784,3.3);
#784 = AXIS2_PLACEMENT_3D('',#785,#786,#787);
#785 = CARTESIAN_POINT('',(-32.,-20.,-15.));
#786 = DIRECTION('',(0.,0.,-1.));
#787 = DIRECTION('',(-1.,0.,0.));
#788 = PCURVE('',#100,#789);
#789 = DEFINITIONAL_REPRESENTATION('',(#790),#798);
#790 = ( BOUNDED_CURVE() B_SPLINE_CURVE(2,(#791,#792,#793,#794,#795,#796
,#797),.UNSPECIFIED.,.T.,.F.) B_SPLINE_CURVE_WITH_KNOTS((1,2,2,2,2,1),(
    -2.094395102393,0.,2.094395102393,4.188790204786,6.28318530718,
8.377580409573),.UNSPECIFIED.) CURVE() GEOMETRIC_REPRESENTATION_ITEM() 
RATIONAL_B_SPLINE_CURVE((1.,0.5,1.,0.5,1.,0.5,1.)) REPRESENTATION_ITEM(
  '') );
#791 = CARTESIAN_POINT('',(9.7,10.));
#792 = CARTESIAN_POINT('',(9.7,15.715767664977));
#793 = CARTESIAN_POINT('',(14.65,12.857883832489));
#794 = CARTESIAN_POINT('',(19.6,10.));
#795 = CARTESIAN_POINT('',(14.65,7.142116167511));
#796 = CARTESIAN_POINT('',(9.7,4.284232335023));
#797 = CARTESIAN_POINT('',(9.7,10.));
#798 = ( GEOMETRIC_REPRESENTATION_CONTEXT(2) 
PARAMETRIC_REPRESENTATION_CONTEXT() REPRESENTATION_CONTEXT('2D SPACE',''
  ) );
#799 = PCURVE('',#800,#805);
#800 = CYLINDRICAL_SURFACE('',#801,3.3);
#801 = AXIS2_PLACEMENT_3D('',#802,#803,#804);
#802 = CARTESIAN_POINT('',(-32.,-20.,15.));
#803 = DIRECTION('',(0.,0.,-1.));
#804 = DIRECTION('',(-1.,0.,0.));
#805 = DEFINITIONAL_REPRESENTATION('',(#806),#810);
#806 = LINE('',#807,#808);
#807 = CARTESIAN_POINT('',(0.,30.));
#808 = VECTOR('',#809,1.);
#809 = DIRECTION('',(1.,0.));
#810 = ( GEOMETRIC_REPRESENTATION_CONTEXT(2) 
PARAMETRIC_REPRESENTATION_CONTEXT() REPRESENTATION_CONTEXT('2D SPACE',''
  ) );
#811 = FACE_BOUND('',#812,.F.);
#812 = EDGE_LOOP('',(#813));
#813 = ORIENTED_EDGE('',*,*,#814,.T.);
#814 = EDGE_CURVE('',#815,#815,#817,.T.);
#815 = VERTEX_POINT('',#816);
#816 = CARTESIAN_POINT('',(28.7,-20.,-15.));
#817 = SURFACE_CURVE('',#818,(#823,#834),.PCURVE_S1.);
#818 = CIRCLE('',#819,3.3);
#819 = AXIS2_PLACEMENT_3D('',#820,#821,#822);
#820 = CARTESIAN_POINT('',(32.,-20.,-15.));
#821 = DIRECTION('',(0.,0.,-1.));
#822 = DIRECTION('',(-1.,0.,0.));
#823 = PCURVE('',#100,#824);
#824 = DEFINITIONAL_REPRESENTATION('',(#825),#833);
#825 = ( BOUNDED_CURVE() B_SPLINE_CURVE(2,(#826,#827,#828,#829,#830,#831
,#832),.UNSPECIFIED.,.T.,.F.) B_SPLINE_CURVE_WITH_KNOTS((1,2,2,2,2,1),(
    -2.094395102393,0.,2.094395102393,4.188790204786,6.28318530718,
8.377580409573),.UNSPECIFIED.) CURVE() GEOMETRIC_REPRESENTATION_ITEM() 
RATIONAL_B_SPLINE_CURVE((1.,0.5,1.,0.5,1.,0.5,1.)) REPRESENTATION_ITEM(
  '') );
#826 = CARTESIAN_POINT('',(73.7,10.));
#827 = CARTESIAN_POINT('',(73.7,15.715767664977));
#828 = CARTESIAN_POINT('',(78.65,12.857883832489));
#829 = CARTESIAN_POINT('',(83.6,10.));
#830 = CARTESIAN_POINT('',(78.65,7.142116167511));
#831 = CARTESIAN_POINT('',(73.7,4.284232335023));
#832 = CARTESIAN_POINT('',(73.7,10.));
#833 = ( GEOMETRIC_REPRESENTATION_CONTEXT(2) 
PARAMETRIC_REPRESENTATION_CONTEXT() REPRESENTATION_CONTEXT('2D SPACE',''
  ) );
#834 = PCURVE('',#835,#840);
#835 = CYLINDRICAL_SURFACE('',#836,3.3);
#836 = AXIS2_PLACEMENT_3D('',#837,#838,#839);
#837 = CARTESIAN_POINT('',(32.,-20.,15.));
#838 = DIRECTION('',(0.,0.,-1.));
#839 = DIRECTION('',(-1.,0.,0.));
#840 = DEFINITIONAL_REPRESENTATION('',(#841),#845);
#841 = LINE('',#842,#843);
#842 = CARTESIAN_POINT('',(0.,30.));
#843 = VECTOR('',#844,1.);
#844 = DIRECTION('',(1.,0.));
#845 = ( GEOMETRIC_REPRESENTATION_CONTEXT(2) 
PARAMETRIC_REPRESENTATION_CONTEXT() REPRESENTATION_CONTEXT('2D SPACE',''
  ) );
#846 = FACE_BOUND('',#847,.F.);
#847 = EDGE_LOOP('',(#848));
#848 = ORIENTED_EDGE('',*,*,#849,.T.);
#849 = EDGE_CURVE('',#850,#850,#852,.T.);
#850 = VERTEX_POINT('',#851);
#851 = CARTESIAN_POINT('',(-35.3,20.,-15.));
#852 = SURFACE_CURVE('',#853,(#858,#869),.PCURVE_S1.);
#853 = CIRCLE('',#854,3.3);
#854 = AXIS2_PLACEMENT_3D('',#855,#856,#857);
#855 = CARTESIAN_POINT('',(-32.,20.,-15.));
#856 = DIRECTION('',(0.,0.,-1.));
#857 = DIRECTION('',(-1.,0.,0.));
#858 = PCURVE('',#100,#859);
#859 = DEFINITIONAL_REPRESENTATION('',(#860),#868);
#860 = ( BOUNDED_CURVE() B_SPLINE_CURVE(2,(#861,#862,#863,#864,#865,#866
,#867),.UNSPECIFIED.,.T.,.F.) B_SPLINE_CURVE_WITH_KNOTS((1,2,2,2,2,1),(
    -2.094395102393,0.,2.094395102393,4.188790204786,6.28318530718,
8.377580409573),.UNSPECIFIED.) CURVE() GEOMETRIC_REPRESENTATION_ITEM() 
RATIONAL_B_SPLINE_CURVE((1.,0.5,1.,0.5,1.,0.5,1.)) REPRESENTATION_ITEM(
  '') );
#861 = CARTESIAN_POINT('',(9.7,50.));
#862 = CARTESIAN_POINT('',(9.7,55.715767664977));
#863 = CARTESIAN_POINT('',(14.65,52.857883832489));
#864 = CARTESIAN_POINT('',(19.6,50.));
#865 = CARTESIAN_POINT('',(14.65,47.142116167511));
#866 = CARTESIAN_POINT('',(9.7,44.284232335023));
#867 = CARTESIAN_POINT('',(9.7,50.));
#868 = ( GEOMETRIC_REPRESENTATION_CONTEXT(2) 
PARAMETRIC_REPRESENTATION_CONTEXT() REPRESENTATION_CONTEXT('2D SPACE',''
  ) );
#869 = PCURVE('',#870,#875);
#870 = CYLINDRICAL_SURFACE('',#871,3.3);
#871 = AXIS2_PLACEMENT_3D('',#872,#873,#874);
#872 = CARTESIAN_POINT('',(-32.,20.,15.));
#873 = DIRECTION('',(0.,0.,-1.));
#874 = DIRECTION('',(-1.,0.,0.));
#875 = DEFINITIONAL_REPRESENTATION('',(#876),#880);
#876 = LINE('',#877,#878);
#877 = CARTESIAN_POINT('',(0.,30.));
#878 = VECTOR('',#879,1.);
#879 = DIRECTION('',(1.,0.));
#880 = ( GEOMETRIC_REPRESENTATION_CONTEXT(2) 
PARAMETRIC_REPRESENTATION_CONTEXT() REPRESENTATION_CONTEXT('2D SPACE',''
  ) );
#881 = FACE_BOUND('',#882,.F.);
#882 = EDGE_LOOP('',(#883));
#883 = ORIENTED_EDGE('',*,*,#884,.T.);
#884 = EDGE_CURVE('',#885,#885,#887,.T.);
#885 = VERTEX_POINT('',#886);
#886 = CARTESIAN_POINT('',(28.7,20.,-15.));
#887 = SURFACE_CURVE('',#888,(#893,#904),.PCURVE_S1.);
#888 = CIRCLE('',#889,3.3);
#889 = AXIS2_PLACEMENT_3D('',#890,#891,#892);
#890 = CARTESIAN_POINT('',(32.,20.,-15.));
#891 = DIRECTION('',(0.,0.,-1.));
#892 = DIRECTION('',(-1.,0.,0.));
#893 = PCURVE('',#100,#894);
#894 = DEFINITIONAL_REPRESENTATION('',(#895),#903);
#895 = ( BOUNDED_CURVE() B_SPLINE_CURVE(2,(#896,#897,#898,#899,#900,#901
,#902),.UNSPECIFIED.,.T.,.F.) B_SPLINE_CURVE_WITH_KNOTS((1,2,2,2,2,1),(
    -2.094395102393,0.,2.094395102393,4.188790204786,6.28318530718,
8.377580409573),.UNSPECIFIED.) CURVE() GEOMETRIC_REPRESENTATION_ITEM() 
RATIONAL_B_SPLINE_CURVE((1.,0.5,1.,0.5,1.,0.5,1.)) REPRESENTATION_ITEM(
  '') );
#896 = CARTESIAN_POINT('',(73.7,50.));
#897 = CARTESIAN_POINT('',(73.7,55.715767664977));
#898 = CARTESIAN_POINT('',(78.65,52.857883832489));
#899 = CARTESIAN_POINT('',(83.6,50.));
#900 = CARTESIAN_POINT('',(78.65,47.142116167511));
#901 = CARTESIAN_POINT('',(73.7,44.284232335023));
#902 = CARTESIAN_POINT('',(73.7,50.));
#903 = ( GEOMETRIC_REPRESENTATION_CONTEXT(2) 
PARAMETRIC_REPRESENTATION_CONTEXT() REPRESENTATION_CONTEXT('2D SPACE',''
  ) );
#904 = PCURVE('',#905,#910);
#905 = CYLINDRICAL_SURFACE('',#906,3.3);
#906 = AXIS2_PLACEMENT_3D('',#907,#908,#909);
#907 = CARTESIAN_POINT('',(32.,20.,15.));
#908 = DIRECTION('',(0.,0.,-1.));
#909 = DIRECTION('',(-1.,0.,0.));
#910 = DEFINITIONAL_REPRESENTATION('',(#911),#915);
#911 = LINE('',#912,#913);
#912 = CARTESIAN_POINT('',(0.,30.));
#913 = VECTOR('',#914,1.);
#914 = DIRECTION('',(1.,0.));
#915 = ( GEOMETRIC_REPRESENTATION_CONTEXT(2) 
PARAMETRIC_REPRESENTATION_CONTEXT() REPRESENTATION_CONTEXT('2D SPACE',''
  ) );
#916 = ADVANCED_FACE('',(#917),#161,.F.);
#917 = FACE_BOUND('',#918,.F.);
#918 = EDGE_LOOP('',(#919,#920,#943,#1017,#1145,#1171,#1353,#1376,#1402,
    #1403,#1459,#1485,#1539));
#919 = ORIENTED_EDGE('',*,*,#140,.F.);
#920 = ORIENTED_EDGE('',*,*,#921,.F.);
#921 = EDGE_CURVE('',#922,#141,#924,.T.);
#922 = VERTEX_POINT('',#923);
#923 = CARTESIAN_POINT('',(-11.84271928232,-4.,-9.797174393179E-16));
#924 = SEAM_CURVE('',#925,(#929,#936),.PCURVE_S1.);
#925 = LINE('',#926,#927);
#926 = CARTESIAN_POINT('',(45.,-4.,-9.797174393179E-16));
#927 = VECTOR('',#928,1.);
#928 = DIRECTION('',(-1.,0.,0.));
#929 = PCURVE('',#161,#930);
#930 = DEFINITIONAL_REPRESENTATION('',(#931),#935);
#931 = LINE('',#932,#933);
#932 = CARTESIAN_POINT('',(6.28318530718,-0.));
#933 = VECTOR('',#934,1.);
#934 = DIRECTION('',(0.,1.));
#935 = ( GEOMETRIC_REPRESENTATION_CONTEXT(2) 
PARAMETRIC_REPRESENTATION_CONTEXT() REPRESENTATION_CONTEXT('2D SPACE',''
  ) );
#936 = PCURVE('',#161,#937);
#937 = DEFINITIONAL_REPRESENTATION('',(#938),#942);
#938 = LINE('',#939,#940);
#939 = CARTESIAN_POINT('',(0.,-0.));
#940 = VECTOR('',#941,1.);
#941 = DIRECTION('',(0.,1.));
#942 = ( GEOMETRIC_REPRESENTATION_CONTEXT(2) 
PARAMETRIC_REPRESENTATION_CONTEXT() REPRESENTATION_CONTEXT('2D SPACE',''
  ) );
#943 = ORIENTED_EDGE('',*,*,#944,.T.);
#944 = EDGE_CURVE('',#922,#945,#947,.T.);
#945 = VERTEX_POINT('',#946);
#946 = CARTESIAN_POINT('',(-12.5,-3.061616997868E-15,4.));
#947 = SURFACE_CURVE('',#948,(#969,#993),.PCURVE_S1.);
#948 = B_SPLINE_CURVE_WITH_KNOTS('',7,(#949,#950,#951,#952,#953,#954,
    #955,#956,#957,#958,#959,#960,#961,#962,#963,#964,#965,#966,#967,
    #968),.UNSPECIFIED.,.F.,.F.,(8,6,6,8),(0.,0.460700872479,
    0.721573586309,1.),.UNSPECIFIED.);
#949 = CARTESIAN_POINT('',(-11.84271928232,-4.,0.));
#950 = CARTESIAN_POINT('',(-11.84271928232,-4.,0.36082043481));
#951 = CARTESIAN_POINT('',(-11.85554474682,-3.962028013871,
    0.721156078781));
#952 = CARTESIAN_POINT('',(-11.88113460723,-3.886264061668,
    1.078433928013));
#953 = CARTESIAN_POINT('',(-11.91878726881,-3.772258161748,
    1.429957064045));
#954 = CARTESIAN_POINT('',(-11.9671387137,-3.619047800802,1.772616744849
    ));
#955 = CARTESIAN_POINT('',(-12.0240239661,-3.425260680856,2.102487650922
    ));
#956 = CARTESIAN_POINT('',(-12.1215528198,-3.055659602638,2.590744915636
    ));
#957 = CARTESIAN_POINT('',(-12.15857936432,-2.908355641424,
    2.761652550728));
#958 = CARTESIAN_POINT('',(-12.19681133471,-2.747006115981,
    2.925973457013));
#959 = CARTESIAN_POINT('',(-12.2355764639,-2.571234451488,3.082531646463
    ));
#960 = CARTESIAN_POINT('',(-12.27406498245,-2.380699804554,3.22990963262
    ));
#961 = CARTESIAN_POINT('',(-12.31132133018,-2.175150750337,
    3.366405251276));
#962 = CARTESIAN_POINT('',(-12.38353728961,-1.718970940552,
    3.621878219858));
#963 = CARTESIAN_POINT('',(-12.41852819431,-1.463995366765,
    3.740314599106));
#964 = CARTESIAN_POINT('',(-12.44932254549,-1.191939332286,
    3.840576606765));
#965 = CARTESIAN_POINT('',(-12.47406466447,-0.905837838016,
    3.918955784765));
#966 = CARTESIAN_POINT('',(-12.49126472596,-0.609218501698,
    3.972700680976));
#967 = CARTESIAN_POINT('',(-12.5,-0.305935678699,4.));
#968 = CARTESIAN_POINT('',(-12.5,-8.881784197001E-16,4.));
#969 = PCURVE('',#161,#970);
#970 = DEFINITIONAL_REPRESENTATION('',(#971),#992);
#971 = B_SPLINE_CURVE_WITH_KNOTS('',7,(#972,#973,#974,#975,#976,#977,
    #978,#979,#980,#981,#982,#983,#984,#985,#986,#987,#988,#989,#990,
    #991),.UNSPECIFIED.,.F.,.F.,(8,6,6,8),(0.,0.460700872479,
    0.721573586309,1.),.UNSPECIFIED.);
#972 = CARTESIAN_POINT('',(0.,56.842719282327));
#973 = CARTESIAN_POINT('',(9.020510870257E-02,56.842719282327));
#974 = CARTESIAN_POINT('',(0.180288945652,56.855544746826));
#975 = CARTESIAN_POINT('',(0.270807608034,56.881134607238));
#976 = CARTESIAN_POINT('',(0.36226981662,56.918787268815));
#977 = CARTESIAN_POINT('',(0.455214973544,56.967138713704));
#978 = CARTESIAN_POINT('',(0.550208582731,57.024023966109));
#979 = CARTESIAN_POINT('',(0.703301714836,57.121552819801));
#980 = CARTESIAN_POINT('',(0.759595375857,57.158579364325));
#981 = CARTESIAN_POINT('',(0.816972070964,57.196811334711));
#982 = CARTESIAN_POINT('',(0.875574499237,57.235576463905));
#983 = CARTESIAN_POINT('',(0.935550301546,57.274064982452));
#984 = CARTESIAN_POINT('',(0.997059212789,57.311321330184));
#985 = CARTESIAN_POINT('',(1.127770358195,57.383537289617));
#986 = CARTESIAN_POINT('',(1.197854227413,57.418528194319));
#987 = CARTESIAN_POINT('',(1.269945791994,57.449322545495));
#988 = CARTESIAN_POINT('',(1.343605872031,57.474064664471));
#989 = CARTESIAN_POINT('',(1.418491767297,57.491264725967));
#990 = CARTESIAN_POINT('',(1.49431240712,57.5));
#991 = CARTESIAN_POINT('',(1.570796326795,57.5));
#992 = ( GEOMETRIC_REPRESENTATION_CONTEXT(2) 
PARAMETRIC_REPRESENTATION_CONTEXT() REPRESENTATION_CONTEXT('2D SPACE',''
  ) );
#993 = PCURVE('',#501,#994);
#994 = DEFINITIONAL_REPRESENTATION('',(#995),#1016);
#995 = B_SPLINE_CURVE_WITH_KNOTS('',7,(#996,#997,#998,#999,#1000,#1001,
    #1002,#1003,#1004,#1005,#1006,#1007,#1008,#1009,#1010,#1011,#1012,
    #1013,#1014,#1015),.UNSPECIFIED.,.F.,.F.,(8,6,6,8),(0.,
    0.460700872479,0.721573586309,1.),.UNSPECIFIED.);
#996 = CARTESIAN_POINT('',(5.957455819885,15.));
#997 = CARTESIAN_POINT('',(5.957455819885,14.63917956519));
#998 = CARTESIAN_POINT('',(5.960662175245,14.278843921219));
#999 = CARTESIAN_POINT('',(5.967059697725,13.921566071987));
#1000 = CARTESIAN_POINT('',(5.976664459055,13.570042935955));
#1001 = CARTESIAN_POINT('',(5.989514694144,13.227383255151));
#1002 = CARTESIAN_POINT('',(6.005665679101,12.897512349078));
#1003 = CARTESIAN_POINT('',(6.036245864511,12.409255084364));
#1004 = CARTESIAN_POINT('',(6.048395922503,12.238347449272));
#1005 = CARTESIAN_POINT('',(6.061659258673,12.074026542987));
#1006 = CARTESIAN_POINT('',(6.076055426774,11.917468353537));
#1007 = CARTESIAN_POINT('',(6.09160149325,11.77009036738));
#1008 = CARTESIAN_POINT('',(6.108309188934,11.633594748724));
#1009 = CARTESIAN_POINT('',(6.145258032588,11.378121780142));
#1010 = CARTESIAN_POINT('',(6.165842903775,11.259685400894));
#1011 = CARTESIAN_POINT('',(6.187736149778,11.159423393235));
#1012 = CARTESIAN_POINT('',(6.210694405164,11.081044215235));
#1013 = CARTESIAN_POINT('',(6.234447801794,11.027299319024));
#1014 = CARTESIAN_POINT('',(6.258710452884,11.));
#1015 = CARTESIAN_POINT('',(6.28318530718,11.));
#1016 = ( GEOMETRIC_REPRESENTATION_CONTEXT(2) 
PARAMETRIC_REPRESENTATION_CONTEXT() REPRESENTATION_CONTEXT('2D SPACE',''
  ) );
#1017 = ORIENTED_EDGE('',*,*,#1018,.T.);
#1018 = EDGE_CURVE('',#945,#1019,#1021,.T.);
#1019 = VERTEX_POINT('',#1020);
#1020 = CARTESIAN_POINT('',(-12.21679172287,2.645751311065,-3.));
#1021 = SURFACE_CURVE('',#1022,(#1061,#1103),.PCURVE_S1.);
#1022 = B_SPLINE_CURVE_WITH_KNOTS('',7,(#1023,#1024,#1025,#1026,#1027,
    #1028,#1029,#1030,#1031,#1032,#1033,#1034,#1035,#1036,#1037,#1038,
    #1039,#1040,#1041,#1042,#1043,#1044,#1045,#1046,#1047,#1048,#1049,
    #1050,#1051,#1052,#1053,#1054,#1055,#1056,#1057,#1058,#1059,#1060),
  .UNSPECIFIED.,.F.,.F.,(8,6,6,6,6,6,8),(0.,0.174878038648,
    0.397861196749,0.628279113998,0.80668998673,0.921887416112,1.),
  .UNSPECIFIED.);
#1023 = CARTESIAN_POINT('',(-12.5,7.657137397854E-16,4.));
#1024 = CARTESIAN_POINT('',(-12.5,0.305935678699,4.));
#1025 = CARTESIAN_POINT('',(-12.49126472596,0.609218501698,
    3.972700680976));
#1026 = CARTESIAN_POINT('',(-12.47406466447,0.905837838016,
    3.918955784765));
#1027 = CARTESIAN_POINT('',(-12.44932254549,1.191939332286,
    3.840576606765));
#1028 = CARTESIAN_POINT('',(-12.41852819431,1.463995366765,
    3.740314599106));
#1029 = CARTESIAN_POINT('',(-12.38353728961,1.718970940552,
    3.621878219858));
#1030 = CARTESIAN_POINT('',(-12.29871495686,2.254783743208,
    3.321808632466));
#1031 = CARTESIAN_POINT('',(-12.24688890609,2.526983869774,
    3.129768694382));
#1032 = CARTESIAN_POINT('',(-12.19352298881,2.771429177585,
    2.918994617651));
#1033 = CARTESIAN_POINT('',(-12.14088572901,2.988968266733,
    2.693413131939));
#1034 = CARTESIAN_POINT('',(-12.09072416459,3.180617423711,2.4560393666)
  );
#1035 = CARTESIAN_POINT('',(-12.04438724296,3.347356903115,
    2.209164023401));
#1036 = CARTESIAN_POINT('',(-11.96006362026,3.637366662057,
    1.691314336977));
#1037 = CARTESIAN_POINT('',(-11.92238579319,3.759074765616,
    1.419682129781));
#1038 = CARTESIAN_POINT('',(-11.89109480268,3.855762492954,
    1.141760080261));
#1039 = CARTESIAN_POINT('',(-11.86705760329,3.927941700128,
    0.859343591128));
#1040 = CARTESIAN_POINT('',(-11.85083746766,3.97596474871,0.573975057221
    ));
#1041 = CARTESIAN_POINT('',(-11.84271928232,4.,0.287063426962));
#1042 = CARTESIAN_POINT('',(-11.84271928232,4.,-0.222271067915));
#1043 = CARTESIAN_POINT('',(-11.84758651273,3.985590454445,
    -0.44449926463));
#1044 = CARTESIAN_POINT('',(-11.85731667677,3.956781126624,
    -0.666015117305));
#1045 = CARTESIAN_POINT('',(-11.87180705433,3.913515505176,
    -0.886143378922));
#1046 = CARTESIAN_POINT('',(-11.89085180092,3.85567539858,
    -1.104173037567));
#1047 = CARTESIAN_POINT('',(-11.91413724665,3.783085529653,
    -1.319327325704));
#1048 = CARTESIAN_POINT('',(-11.95873525651,3.638977073001,
    -1.667235916208));
#1049 = CARTESIAN_POINT('',(-11.97782412179,3.576189814179,
    -1.802179952692));
#1050 = CARTESIAN_POINT('',(-11.99839303158,3.50708108345,
    -1.935362253638));
#1051 = CARTESIAN_POINT('',(-12.02031306536,3.43155945462,
    -2.066554863444));
#1052 = CARTESIAN_POINT('',(-12.04343448402,3.349520542473,
    -2.195499179734));
#1053 = CARTESIAN_POINT('',(-12.06758407246,3.260850199825,
    -2.321899676917));
#1054 = CARTESIAN_POINT('',(-12.10949973609,3.100724040836,
    -2.529172158854));
#1055 = CARTESIAN_POINT('',(-12.12681892451,3.032912554227,
    -2.611605659061));
#1056 = CARTESIAN_POINT('',(-12.14445913224,2.961950551296,
    -2.692617670558));
#1057 = CARTESIAN_POINT('',(-12.16235329794,2.887795502573,
    -2.772095158486));
#1058 = CARTESIAN_POINT('',(-12.1804279823,2.810405111327,
    -2.849912469766));
#1059 = CARTESIAN_POINT('',(-12.19860313645,2.72973737235,
    -2.925931289941));
#1060 = CARTESIAN_POINT('',(-12.2167918702,2.645750630728,-3.0000006));
#1061 = PCURVE('',#161,#1062);
#1062 = DEFINITIONAL_REPRESENTATION('',(#1063),#1102);
#1063 = B_SPLINE_CURVE_WITH_KNOTS('',7,(#1064,#1065,#1066,#1067,#1068,
    #1069,#1070,#1071,#1072,#1073,#1074,#1075,#1076,#1077,#1078,#1079,
    #1080,#1081,#1082,#1083,#1084,#1085,#1086,#1087,#1088,#1089,#1090,
    #1091,#1092,#1093,#1094,#1095,#1096,#1097,#1098,#1099,#1100,#1101),
  .UNSPECIFIED.,.F.,.F.,(8,6,6,6,6,6,8),(0.,0.174878038648,
    0.397861196749,0.628279113998,0.80668998673,0.921887416112,1.),
  .UNSPECIFIED.);
#1064 = CARTESIAN_POINT('',(1.570796326795,57.5));
#1065 = CARTESIAN_POINT('',(1.64728024647,57.5));
#1066 = CARTESIAN_POINT('',(1.723100886293,57.491264725967));
#1067 = CARTESIAN_POINT('',(1.797986781558,57.474064664471));
#1068 = CARTESIAN_POINT('',(1.871646861596,57.449322545495));
#1069 = CARTESIAN_POINT('',(1.943738426177,57.418528194319));
#1070 = CARTESIAN_POINT('',(2.013822295395,57.383537289617));
#1071 = CARTESIAN_POINT('',(2.167351021691,57.298714956865));
#1072 = CARTESIAN_POINT('',(2.250183142418,57.246888906091));
#1073 = CARTESIAN_POINT('',(2.330290007623,57.193522988812));
#1074 = CARTESIAN_POINT('',(2.408069235432,57.140885729019));
#1075 = CARTESIAN_POINT('',(2.483892067297,57.090724164591));
#1076 = CARTESIAN_POINT('',(2.558109571468,57.044387242962));
#1077 = CARTESIAN_POINT('',(2.706491249501,56.960063620261));
#1078 = CARTESIAN_POINT('',(2.780608210785,56.922385793194));
#1079 = CARTESIAN_POINT('',(2.853740326577,56.891094802687));
#1080 = CARTESIAN_POINT('',(2.92615347891,56.867057603291));
#1081 = CARTESIAN_POINT('',(2.998098703969,56.850837467666));
#1082 = CARTESIAN_POINT('',(3.069826796849,56.842719282327));
#1083 = CARTESIAN_POINT('',(3.197160420569,56.842719282327));
#1084 = CARTESIAN_POINT('',(3.252717364403,56.847586512732));
#1085 = CARTESIAN_POINT('',(3.308376727806,56.857316676771));
#1086 = CARTESIAN_POINT('',(3.364249172829,56.871807054333));
#1087 = CARTESIAN_POINT('',(3.420446534534,56.890851800928));
#1088 = CARTESIAN_POINT('',(3.477085574659,56.91413724665));
#1089 = CARTESIAN_POINT('',(3.571228960853,56.958735256517));
#1090 = CARTESIAN_POINT('',(3.608403846523,56.977824121793));
#1091 = CARTESIAN_POINT('',(3.645859008915,56.998393031584));
#1092 = CARTESIAN_POINT('',(3.683637486985,57.020313065363));
#1093 = CARTESIAN_POINT('',(3.72178341229,57.043434484027));
#1094 = CARTESIAN_POINT('',(3.760342679256,57.067584072462));
#1095 = CARTESIAN_POINT('',(3.825822766191,57.109499736098));
#1096 = CARTESIAN_POINT('',(3.852495551881,57.126818924514));
#1097 = CARTESIAN_POINT('',(3.8793989066,57.144459132248));
#1098 = CARTESIAN_POINT('',(3.90654939548,57.162353297941));
#1099 = CARTESIAN_POINT('',(3.933963746853,57.180427982308));
#1100 = CARTESIAN_POINT('',(3.961659384409,57.198603136458));
#1101 = CARTESIAN_POINT('',(3.98965495935,57.216791870209));
#1102 = ( GEOMETRIC_REPRESENTATION_CONTEXT(2) 
PARAMETRIC_REPRESENTATION_CONTEXT() REPRESENTATION_CONTEXT('2D SPACE',''
  ) );
#1103 = PCURVE('',#501,#1104);
#1104 = DEFINITIONAL_REPRESENTATION('',(#1105),#1144);
#1105 = B_SPLINE_CURVE_WITH_KNOTS('',7,(#1106,#1107,#1108,#1109,#1110,
    #1111,#1112,#1113,#1114,#1115,#1116,#1117,#1118,#1119,#1120,#1121,
    #1122,#1123,#1124,#1125,#1126,#1127,#1128,#1129,#1130,#1131,#1132,
    #1133,#1134,#1135,#1136,#1137,#1138,#1139,#1140,#1141,#1142,#1143),
  .UNSPECIFIED.,.F.,.F.,(8,6,6,6,6,6,8),(0.,0.174878038648,
    0.397861196749,0.628279113998,0.80668998673,0.921887416112,1.),
  .UNSPECIFIED.);
#1106 = CARTESIAN_POINT('',(0.,11.));
#1107 = CARTESIAN_POINT('',(2.447485429591E-02,11.));
#1108 = CARTESIAN_POINT('',(4.873750538565E-02,11.027299319024));
#1109 = CARTESIAN_POINT('',(7.249090201537E-02,11.081044215235));
#1110 = CARTESIAN_POINT('',(9.544915740113E-02,11.159423393235));
#1111 = CARTESIAN_POINT('',(0.117342403404,11.259685400894));
#1112 = CARTESIAN_POINT('',(0.137927274591,11.378121780142));
#1113 = CARTESIAN_POINT('',(0.181326090252,11.678191367534));
#1114 = CARTESIAN_POINT('',(0.203482535647,11.870231305618));
#1115 = CARTESIAN_POINT('',(0.223488694418,12.081005382349));
#1116 = CARTESIAN_POINT('',(0.241387797256,12.306586868061));
#1117 = CARTESIAN_POINT('',(0.257233156051,12.5439606334));
#1118 = CARTESIAN_POINT('',(0.27107684089,12.790835976599));
#1119 = CARTESIAN_POINT('',(0.29523844794,13.308685663023));
#1120 = CARTESIAN_POINT('',(0.305429474563,13.580317870219));
#1121 = CARTESIAN_POINT('',(0.313558817516,13.858239919739));
#1122 = CARTESIAN_POINT('',(0.319644890153,14.140656408872));
#1123 = CARTESIAN_POINT('',(0.32369994489,14.42602494278));
#1124 = CARTESIAN_POINT('',(0.325729487295,14.712936573038));
#1125 = CARTESIAN_POINT('',(0.325729487295,15.222271067915));
#1126 = CARTESIAN_POINT('',(0.324512769206,15.44449926463));
#1127 = CARTESIAN_POINT('',(0.322080062649,15.666015117305));
#1128 = CARTESIAN_POINT('',(0.318429858819,15.886143378922));
#1129 = CARTESIAN_POINT('',(0.313558473116,16.104173037567));
#1130 = CARTESIAN_POINT('',(0.307460107791,16.319327325704));
#1131 = CARTESIAN_POINT('',(0.295391973283,16.667235916208));
#1132 = CARTESIAN_POINT('',(0.290142051694,16.802179952692));
#1133 = CARTESIAN_POINT('',(0.28437383023,16.935362253638));
#1134 = CARTESIAN_POINT('',(0.2780830435,17.066554863444));
#1135 = CARTESIAN_POINT('',(0.271264648755,17.195499179734));
#1136 = CARTESIAN_POINT('',(0.263912994341,17.321899676917));
#1137 = CARTESIAN_POINT('',(0.250671288191,17.529172158854));
#1138 = CARTESIAN_POINT('',(0.245072330085,17.611605659061));
#1139 = CARTESIAN_POINT('',(0.239222790991,17.692617670558));
#1140 = CARTESIAN_POINT('',(0.233120385434,17.772095158486));
#1141 = CARTESIAN_POINT('',(0.226762841793,17.849912469766));
#1142 = CARTESIAN_POINT('',(0.220147878763,17.925931289941));
#1143 = CARTESIAN_POINT('',(0.213273181829,18.0000006));
#1144 = ( GEOMETRIC_REPRESENTATION_CONTEXT(2) 
PARAMETRIC_REPRESENTATION_CONTEXT() REPRESENTATION_CONTEXT('2D SPACE',''
  ) );
#1145 = ORIENTED_EDGE('',*,*,#1146,.F.);
#1146 = EDGE_CURVE('',#1147,#1019,#1149,.T.);
#1147 = VERTEX_POINT('',#1148);
#1148 = CARTESIAN_POINT('',(12.216791722871,2.645751311065,-3.));
#1149 = SURFACE_CURVE('',#1150,(#1154,#1160),.PCURVE_S1.);
#1150 = LINE('',#1151,#1152);
#1151 = CARTESIAN_POINT('',(45.,2.645751311065,-3.));
#1152 = VECTOR('',#1153,1.);
#1153 = DIRECTION('',(-1.,0.,0.));
#1154 = PCURVE('',#161,#1155);
#1155 = DEFINITIONAL_REPRESENTATION('',(#1156),#1159);
#1156 = B_SPLINE_CURVE_WITH_KNOTS('',1,(#1157,#1158),.UNSPECIFIED.,.F.,
  .F.,(2,2),(30.,60.),.PIECEWISE_BEZIER_KNOTS.);
#1157 = CARTESIAN_POINT('',(3.989654732571,30.));
#1158 = CARTESIAN_POINT('',(3.989654732571,60.));
#1159 = ( GEOMETRIC_REPRESENTATION_CONTEXT(2) 
PARAMETRIC_REPRESENTATION_CONTEXT() REPRESENTATION_CONTEXT('2D SPACE',''
  ) );
#1160 = PCURVE('',#1161,#1166);
#1161 = PLANE('',#1162);
#1162 = AXIS2_PLACEMENT_3D('',#1163,#1164,#1165);
#1163 = CARTESIAN_POINT('',(0.,0.,-3.));
#1164 = DIRECTION('',(0.,0.,-1.));
#1165 = DIRECTION('',(-1.,0.,0.));
#1166 = DEFINITIONAL_REPRESENTATION('',(#1167),#1170);
#1167 = B_SPLINE_CURVE_WITH_KNOTS('',1,(#1168,#1169),.UNSPECIFIED.,.F.,
  .F.,(2,2),(30.,60.),.PIECEWISE_BEZIER_KNOTS.);
#1168 = CARTESIAN_POINT('',(-15.,2.645751311065));
#1169 = CARTESIAN_POINT('',(15.,2.645751311065));
#1170 = ( GEOMETRIC_REPRESENTATION_CONTEXT(2) 
PARAMETRIC_REPRESENTATION_CONTEXT() REPRESENTATION_CONTEXT('2D SPACE',''
  ) );
#1171 = ORIENTED_EDGE('',*,*,#1172,.F.);
#1172 = EDGE_CURVE('',#1173,#1147,#1175,.T.);
#1173 = VERTEX_POINT('',#1174);
#1174 = CARTESIAN_POINT('',(11.842719282327,-4.,-9.797174393179E-16));
#1175 = SURFACE_CURVE('',#1176,(#1233,#1293),.PCURVE_S1.);
#1176 = B_SPLINE_CURVE_WITH_KNOTS('',7,(#1177,#1178,#1179,#1180,#1181,
    #1182,#1183,#1184,#1185,#1186,#1187,#1188,#1189,#1190,#1191,#1192,
    #1193,#1194,#1195,#1196,#1197,#1198,#1199,#1200,#1201,#1202,#1203,
    #1204,#1205,#1206,#1207,#1208,#1209,#1210,#1211,#1212,#1213,#1214,
    #1215,#1216,#1217,#1218,#1219,#1220,#1221,#1222,#1223,#1224,#1225,
    #1226,#1227,#1228,#1229,#1230,#1231,#1232),.UNSPECIFIED.,.F.,.F.,(8,
    6,6,6,6,6,6,6,6,8),(0.,0.177731469918,0.278372240666,0.385784965018,
    0.493197689371,0.63015729981,0.771683448563,0.88126608208,
    0.952022076653,1.),.UNSPECIFIED.);
#1177 = CARTESIAN_POINT('',(11.842719282327,-4.,0.));
#1178 = CARTESIAN_POINT('',(11.842719282327,-4.,0.36082043481));
#1179 = CARTESIAN_POINT('',(11.855544746826,-3.962028013871,
    0.721156078782));
#1180 = CARTESIAN_POINT('',(11.881134607238,-3.886264061668,
    1.078433928013));
#1181 = CARTESIAN_POINT('',(11.918787268815,-3.772258161748,
    1.429957064045));
#1182 = CARTESIAN_POINT('',(11.967138713704,-3.619047800802,
    1.772616744849));
#1183 = CARTESIAN_POINT('',(12.024023966109,-3.425260680856,
    2.102487650922));
#1184 = CARTESIAN_POINT('',(12.121552819801,-3.055659602638,
    2.590744915636));
#1185 = CARTESIAN_POINT('',(12.158579364325,-2.908355641424,
    2.761652550728));
#1186 = CARTESIAN_POINT('',(12.196811334711,-2.747006115981,
    2.925973457013));
#1187 = CARTESIAN_POINT('',(12.235576463905,-2.571234451488,
    3.082531646463));
#1188 = CARTESIAN_POINT('',(12.274064982452,-2.380699804554,
    3.22990963262));
#1189 = CARTESIAN_POINT('',(12.311321330184,-2.175150750337,
    3.366405251276));
#1190 = CARTESIAN_POINT('',(12.383537289658,-1.718970940289,
    3.621878220006));
#1191 = CARTESIAN_POINT('',(12.41852819431,-1.463995366738,
    3.740314599067));
#1192 = CARTESIAN_POINT('',(12.449322545463,-1.191939332512,
    3.840576606663));
#1193 = CARTESIAN_POINT('',(12.474064664463,-0.905837838244,
    3.918955784747));
#1194 = CARTESIAN_POINT('',(12.491264725984,-0.609218501661,
    3.972700681028));
#1195 = CARTESIAN_POINT('',(12.5,-0.305935678401,4.));
#1196 = CARTESIAN_POINT('',(12.5,0.305935678401,4.));
#1197 = CARTESIAN_POINT('',(12.491264725984,0.609218501661,
    3.972700681028));
#1198 = CARTESIAN_POINT('',(12.474064664463,0.905837838244,
    3.918955784747));
#1199 = CARTESIAN_POINT('',(12.449322545463,1.191939332512,
    3.840576606663));
#1200 = CARTESIAN_POINT('',(12.41852819431,1.463995366738,3.740314599067
    ));
#1201 = CARTESIAN_POINT('',(12.383537289658,1.718970940289,
    3.621878220006));
#1202 = CARTESIAN_POINT('',(12.298714957703,2.254783737918,
    3.321808635428));
#1203 = CARTESIAN_POINT('',(12.246888904067,2.526983883028,
    3.129768687948));
#1204 = CARTESIAN_POINT('',(12.193522990163,2.771429165761,
    2.918994619263));
#1205 = CARTESIAN_POINT('',(12.140885729955,2.988968267607,
    2.693413140992));
#1206 = CARTESIAN_POINT('',(12.090724162841,3.180617428731,
    2.456039355314));
#1207 = CARTESIAN_POINT('',(12.044387243708,3.347356900548,
    2.209164027985));
#1208 = CARTESIAN_POINT('',(11.960063620281,3.637366661991,
    1.691314337095));
#1209 = CARTESIAN_POINT('',(11.922385793168,3.759074765704,
    1.419682129667));
#1210 = CARTESIAN_POINT('',(11.891094802686,3.855762492954,
    1.141760080158));
#1211 = CARTESIAN_POINT('',(11.867057603307,3.927941700075,
    0.859343591222));
#1212 = CARTESIAN_POINT('',(11.85083746766,3.975964748732,0.573975057353
    ));
#1213 = CARTESIAN_POINT('',(11.842719282327,4.,0.287063426834));
#1214 = CARTESIAN_POINT('',(11.842719282327,4.,-0.222271054333));
#1215 = CARTESIAN_POINT('',(11.847586513706,3.985590451336,
    -0.444499277984));
#1216 = CARTESIAN_POINT('',(11.857316676841,3.956781126418,
    -0.666015128233));
#1217 = CARTESIAN_POINT('',(11.871807053052,3.913515509288,
    -0.886143368463));
#1218 = CARTESIAN_POINT('',(11.890851800203,3.855675400882,
    -1.104173024116));
#1219 = CARTESIAN_POINT('',(11.914137248308,3.783085524295,
    -1.319327338642));
#1220 = CARTESIAN_POINT('',(11.958735256911,3.638977071727,
    -1.667235919282));
#1221 = CARTESIAN_POINT('',(11.977824121295,3.57618981597,
    -1.802179949764));
#1222 = CARTESIAN_POINT('',(11.998393031259,3.507081084505,
    -1.93536225118));
#1223 = CARTESIAN_POINT('',(12.020313065812,3.43155945292,
    -2.066554865699));
#1224 = CARTESIAN_POINT('',(12.043434484499,3.349520540816,
    -2.195499182704));
#1225 = CARTESIAN_POINT('',(12.067584071897,3.260850201984,
    -2.321899674122));
#1226 = CARTESIAN_POINT('',(12.109499736098,3.100724040836,
    -2.529172158854));
#1227 = CARTESIAN_POINT('',(12.126818924514,3.032912554227,
    -2.611605659061));
#1228 = CARTESIAN_POINT('',(12.144459132248,2.961950551296,
    -2.692617670558));
#1229 = CARTESIAN_POINT('',(12.162353297941,2.887795502573,
    -2.772095158485));
#1230 = CARTESIAN_POINT('',(12.180427982308,2.810405111327,
    -2.849912469766));
#1231 = CARTESIAN_POINT('',(12.198603136458,2.72973737235,
    -2.925931289941));
#1232 = CARTESIAN_POINT('',(12.216791870209,2.645750630728,-3.0000006));
#1233 = PCURVE('',#161,#1234);
#1234 = DEFINITIONAL_REPRESENTATION('',(#1235),#1292);
#1235 = B_SPLINE_CURVE_WITH_KNOTS('',7,(#1236,#1237,#1238,#1239,#1240,
    #1241,#1242,#1243,#1244,#1245,#1246,#1247,#1248,#1249,#1250,#1251,
    #1252,#1253,#1254,#1255,#1256,#1257,#1258,#1259,#1260,#1261,#1262,
    #1263,#1264,#1265,#1266,#1267,#1268,#1269,#1270,#1271,#1272,#1273,
    #1274,#1275,#1276,#1277,#1278,#1279,#1280,#1281,#1282,#1283,#1284,
    #1285,#1286,#1287,#1288,#1289,#1290,#1291),.UNSPECIFIED.,.F.,.F.,(8,
    6,6,6,6,6,6,6,6,8),(0.,0.177731469918,0.278372240666,0.385784965018,
    0.493197689371,0.63015729981,0.771683448563,0.88126608208,
    0.952022076653,1.),.UNSPECIFIED.);
#1236 = CARTESIAN_POINT('',(0.,33.157280717673));
#1237 = CARTESIAN_POINT('',(9.020510870255E-02,33.157280717673));
#1238 = CARTESIAN_POINT('',(0.180288945652,33.144455253174));
#1239 = CARTESIAN_POINT('',(0.270807608034,33.118865392762));
#1240 = CARTESIAN_POINT('',(0.362269816621,33.081212731185));
#1241 = CARTESIAN_POINT('',(0.455214973544,33.032861286296));
#1242 = CARTESIAN_POINT('',(0.550208582731,32.975976033891));
#1243 = CARTESIAN_POINT('',(0.703301714836,32.878447180199));
#1244 = CARTESIAN_POINT('',(0.759595375857,32.841420635675));
#1245 = CARTESIAN_POINT('',(0.816972070964,32.803188665289));
#1246 = CARTESIAN_POINT('',(0.875574499237,32.764423536095));
#1247 = CARTESIAN_POINT('',(0.935550301546,32.725935017548));
#1248 = CARTESIAN_POINT('',(0.997059212789,32.688678669816));
#1249 = CARTESIAN_POINT('',(1.12777035827,32.616462710342));
#1250 = CARTESIAN_POINT('',(1.197854227414,32.58147180569));
#1251 = CARTESIAN_POINT('',(1.269945791934,32.550677454537));
#1252 = CARTESIAN_POINT('',(1.343605871976,32.525935335537));
#1253 = CARTESIAN_POINT('',(1.418491767306,32.508735274016));
#1254 = CARTESIAN_POINT('',(1.494312407195,32.5));
#1255 = CARTESIAN_POINT('',(1.647280246395,32.5));
#1256 = CARTESIAN_POINT('',(1.723100886284,32.508735274016));
#1257 = CARTESIAN_POINT('',(1.797986781613,32.525935335537));
#1258 = CARTESIAN_POINT('',(1.871646861656,32.550677454537));
#1259 = CARTESIAN_POINT('',(1.943738426176,32.58147180569));
#1260 = CARTESIAN_POINT('',(2.01382229532,32.616462710342));
#1261 = CARTESIAN_POINT('',(2.167351020175,32.701285042297));
#1262 = CARTESIAN_POINT('',(2.250183146017,32.753111095933));
#1263 = CARTESIAN_POINT('',(2.330290005166,32.806477009837));
#1264 = CARTESIAN_POINT('',(2.408069233953,32.859114270045));
#1265 = CARTESIAN_POINT('',(2.483892070271,32.909275837159));
#1266 = CARTESIAN_POINT('',(2.558109570155,32.955612756292));
#1267 = CARTESIAN_POINT('',(2.706491249467,33.039936379719));
#1268 = CARTESIAN_POINT('',(2.780608210819,33.077614206832));
#1269 = CARTESIAN_POINT('',(2.853740326603,33.108905197314));
#1270 = CARTESIAN_POINT('',(2.926153478883,33.132942396693));
#1271 = CARTESIAN_POINT('',(2.998098703938,33.14916253234));
#1272 = CARTESIAN_POINT('',(3.069826796881,33.157280717673));
#1273 = CARTESIAN_POINT('',(3.197160417173,33.157280717673));
#1274 = CARTESIAN_POINT('',(3.252717367882,33.152413486294));
#1275 = CARTESIAN_POINT('',(3.308376730539,33.142683323159));
#1276 = CARTESIAN_POINT('',(3.364249170018,33.128192946948));
#1277 = CARTESIAN_POINT('',(3.420446531071,33.109148199797));
#1278 = CARTESIAN_POINT('',(3.47708557816,33.085862751692));
#1279 = CARTESIAN_POINT('',(3.571228961685,33.041264743089));
#1280 = CARTESIAN_POINT('',(3.60840384566,33.022175878705));
#1281 = CARTESIAN_POINT('',(3.645859008247,33.001606968741));
#1282 = CARTESIAN_POINT('',(3.683637487691,32.979686934188));
#1283 = CARTESIAN_POINT('',(3.721783413146,32.956565515501));
#1284 = CARTESIAN_POINT('',(3.760342678373,32.932415928103));
#1285 = CARTESIAN_POINT('',(3.825822766191,32.890500263902));
#1286 = CARTESIAN_POINT('',(3.852495551881,32.873181075486));
#1287 = CARTESIAN_POINT('',(3.8793989066,32.855540867752));
#1288 = CARTESIAN_POINT('',(3.90654939548,32.837646702059));
#1289 = CARTESIAN_POINT('',(3.933963746853,32.819572017692));
#1290 = CARTESIAN_POINT('',(3.961659384409,32.801396863542));
#1291 = CARTESIAN_POINT('',(3.98965495935,32.783208129791));
#1292 = ( GEOMETRIC_REPRESENTATION_CONTEXT(2) 
PARAMETRIC_REPRESENTATION_CONTEXT() REPRESENTATION_CONTEXT('2D SPACE',''
  ) );
#1293 = PCURVE('',#501,#1294);
#1294 = DEFINITIONAL_REPRESENTATION('',(#1295),#1352);
#1295 = B_SPLINE_CURVE_WITH_KNOTS('',7,(#1296,#1297,#1298,#1299,#1300,
    #1301,#1302,#1303,#1304,#1305,#1306,#1307,#1308,#1309,#1310,#1311,
    #1312,#1313,#1314,#1315,#1316,#1317,#1318,#1319,#1320,#1321,#1322,
    #1323,#1324,#1325,#1326,#1327,#1328,#1329,#1330,#1331,#1332,#1333,
    #1334,#1335,#1336,#1337,#1338,#1339,#1340,#1341,#1342,#1343,#1344,
    #1345,#1346,#1347,#1348,#1349,#1350,#1351),.UNSPECIFIED.,.F.,.F.,(8,
    6,6,6,6,6,6,6,6,8),(0.,0.177731469918,0.278372240666,0.385784965018,
    0.493197689371,0.63015729981,0.771683448563,0.88126608208,
    0.952022076653,1.),.UNSPECIFIED.);
#1296 = CARTESIAN_POINT('',(3.467322140884,15.));
#1297 = CARTESIAN_POINT('',(3.467322140884,14.63917956519));
#1298 = CARTESIAN_POINT('',(3.464115785525,14.278843921218));
#1299 = CARTESIAN_POINT('',(3.457718263044,13.921566071988));
#1300 = CARTESIAN_POINT('',(3.448113501714,13.570042935954));
#1301 = CARTESIAN_POINT('',(3.435263266625,13.227383255152));
#1302 = CARTESIAN_POINT('',(3.419112281668,12.897512349078));
#1303 = CARTESIAN_POINT('',(3.388532096259,12.409255084364));
#1304 = CARTESIAN_POINT('',(3.376382038266,12.238347449272));
#1305 = CARTESIAN_POINT('',(3.363118702096,12.074026542987));
#1306 = CARTESIAN_POINT('',(3.348722533996,11.917468353537));
#1307 = CARTESIAN_POINT('',(3.333176467519,11.77009036738));
#1308 = CARTESIAN_POINT('',(3.316468771835,11.633594748724));
#1309 = CARTESIAN_POINT('',(3.27951992816,11.378121779994));
#1310 = CARTESIAN_POINT('',(3.258935056992,11.259685400933));
#1311 = CARTESIAN_POINT('',(3.237041811009,11.159423393337));
#1312 = CARTESIAN_POINT('',(3.214083555623,11.081044215253));
#1313 = CARTESIAN_POINT('',(3.190330158973,11.027299318972));
#1314 = CARTESIAN_POINT('',(3.166067507862,11.));
#1315 = CARTESIAN_POINT('',(3.117117799318,11.));
#1316 = CARTESIAN_POINT('',(3.092855148207,11.027299318972));
#1317 = CARTESIAN_POINT('',(3.069101751556,11.081044215253));
#1318 = CARTESIAN_POINT('',(3.04614349617,11.159423393337));
#1319 = CARTESIAN_POINT('',(3.024250250187,11.259685400933));
#1320 = CARTESIAN_POINT('',(3.00366537902,11.378121779994));
#1321 = CARTESIAN_POINT('',(2.960266563766,11.678191364572));
#1322 = CARTESIAN_POINT('',(2.938110116871,11.870231312052));
#1323 = CARTESIAN_POINT('',(2.91810396012,12.081005380738));
#1324 = CARTESIAN_POINT('',(2.900204856282,12.306586859008));
#1325 = CARTESIAN_POINT('',(2.884359497116,12.543960644686));
#1326 = CARTESIAN_POINT('',(2.870515812913,12.790835972015));
#1327 = CARTESIAN_POINT('',(2.846354205656,13.308685662905));
#1328 = CARTESIAN_POINT('',(2.836163179019,13.580317870333));
#1329 = CARTESIAN_POINT('',(2.828033836074,13.858239919842));
#1330 = CARTESIAN_POINT('',(2.821947763441,14.140656408778));
#1331 = CARTESIAN_POINT('',(2.817892708698,14.426024942647));
#1332 = CARTESIAN_POINT('',(2.815863166295,14.712936573166));
#1333 = CARTESIAN_POINT('',(2.815863166295,15.222271054333));
#1334 = CARTESIAN_POINT('',(2.817079884645,15.444499277984));
#1335 = CARTESIAN_POINT('',(2.819512590958,15.666015128233));
#1336 = CARTESIAN_POINT('',(2.823162794426,15.886143368463));
#1337 = CARTESIAN_POINT('',(2.82803418028,16.104173024116));
#1338 = CARTESIAN_POINT('',(2.834132546248,16.319327338642));
#1339 = CARTESIAN_POINT('',(2.846200680413,16.667235919282));
#1340 = CARTESIAN_POINT('',(2.851450601747,16.802179949764));
#1341 = CARTESIAN_POINT('',(2.857218823272,16.93536225118));
#1342 = CARTESIAN_POINT('',(2.86350961023,17.066554865699));
#1343 = CARTESIAN_POINT('',(2.870328004973,17.195499182704));
#1344 = CARTESIAN_POINT('',(2.877679659071,17.321899674122));
#1345 = CARTESIAN_POINT('',(2.890921365399,17.529172158854));
#1346 = CARTESIAN_POINT('',(2.896520323505,17.611605659061));
#1347 = CARTESIAN_POINT('',(2.902369862599,17.692617670558));
#1348 = CARTESIAN_POINT('',(2.908472268156,17.772095158485));
#1349 = CARTESIAN_POINT('',(2.914829811797,17.849912469766));
#1350 = CARTESIAN_POINT('',(2.921444774827,17.925931289941));
#1351 = CARTESIAN_POINT('',(2.928319471761,18.0000006));
#1352 = ( GEOMETRIC_REPRESENTATION_CONTEXT(2) 
PARAMETRIC_REPRESENTATION_CONTEXT() REPRESENTATION_CONTEXT('2D SPACE',''
  ) );
#1353 = ORIENTED_EDGE('',*,*,#1354,.F.);
#1354 = EDGE_CURVE('',#1355,#1173,#1357,.T.);
#1355 = VERTEX_POINT('',#1356);
#1356 = CARTESIAN_POINT('',(45.,-4.,-9.797174393179E-16));
#1357 = SEAM_CURVE('',#1358,(#1362,#1369),.PCURVE_S1.);
#1358 = LINE('',#1359,#1360);
#1359 = CARTESIAN_POINT('',(45.,-4.,-9.797174393179E-16));
#1360 = VECTOR('',#1361,1.);
#1361 = DIRECTION('',(-1.,0.,0.));
#1362 = PCURVE('',#161,#1363);
#1363 = DEFINITIONAL_REPRESENTATION('',(#1364),#1368);
#1364 = LINE('',#1365,#1366);
#1365 = CARTESIAN_POINT('',(6.28318530718,-0.));
#1366 = VECTOR('',#1367,1.);
#1367 = DIRECTION('',(0.,1.));
#1368 = ( GEOMETRIC_REPRESENTATION_CONTEXT(2) 
PARAMETRIC_REPRESENTATION_CONTEXT() REPRESENTATION_CONTEXT('2D SPACE',''
  ) );
#1369 = PCURVE('',#161,#1370);
#1370 = DEFINITIONAL_REPRESENTATION('',(#1371),#1375);
#1371 = LINE('',#1372,#1373);
#1372 = CARTESIAN_POINT('',(0.,-0.));
#1373 = VECTOR('',#1374,1.);
#1374 = DIRECTION('',(0.,1.));
#1375 = ( GEOMETRIC_REPRESENTATION_CONTEXT(2) 
PARAMETRIC_REPRESENTATION_CONTEXT() REPRESENTATION_CONTEXT('2D SPACE',''
  ) );
#1376 = ORIENTED_EDGE('',*,*,#1377,.T.);
#1377 = EDGE_CURVE('',#1355,#1355,#1378,.T.);
#1378 = SURFACE_CURVE('',#1379,(#1384,#1391),.PCURVE_S1.);
#1379 = CIRCLE('',#1380,4.);
#1380 = AXIS2_PLACEMENT_3D('',#1381,#1382,#1383);
#1381 = CARTESIAN_POINT('',(45.,0.,0.));
#1382 = DIRECTION('',(-1.,0.,0.));
#1383 = DIRECTION('',(0.,-1.,0.));
#1384 = PCURVE('',#161,#1385);
#1385 = DEFINITIONAL_REPRESENTATION('',(#1386),#1390);
#1386 = LINE('',#1387,#1388);
#1387 = CARTESIAN_POINT('',(0.,0.));
#1388 = VECTOR('',#1389,1.);
#1389 = DIRECTION('',(1.,0.));
#1390 = ( GEOMETRIC_REPRESENTATION_CONTEXT(2) 
PARAMETRIC_REPRESENTATION_CONTEXT() REPRESENTATION_CONTEXT('2D SPACE',''
  ) );
#1391 = PCURVE('',#278,#1392);
#1392 = DEFINITIONAL_REPRESENTATION('',(#1393),#1401);
#1393 = ( BOUNDED_CURVE() B_SPLINE_CURVE(2,(#1394,#1395,#1396,#1397,
#1398,#1399,#1400),.UNSPECIFIED.,.T.,.F.) B_SPLINE_CURVE_WITH_KNOTS((1,2
    ,2,2,2,1),(-2.094395102393,0.,2.094395102393,4.188790204786,
6.28318530718,8.377580409573),.UNSPECIFIED.) CURVE() 
GEOMETRIC_REPRESENTATION_ITEM() RATIONAL_B_SPLINE_CURVE((1.,0.5,1.,0.5,
1.,0.5,1.)) REPRESENTATION_ITEM('') );
#1394 = CARTESIAN_POINT('',(15.,-26.));
#1395 = CARTESIAN_POINT('',(21.928203230276,-26.));
#1396 = CARTESIAN_POINT('',(18.464101615138,-32.));
#1397 = CARTESIAN_POINT('',(15.,-38.));
#1398 = CARTESIAN_POINT('',(11.535898384862,-32.));
#1399 = CARTESIAN_POINT('',(8.071796769724,-26.));
#1400 = CARTESIAN_POINT('',(15.,-26.));
#1401 = ( GEOMETRIC_REPRESENTATION_CONTEXT(2) 
PARAMETRIC_REPRESENTATION_CONTEXT() REPRESENTATION_CONTEXT('2D SPACE',''
  ) );
#1402 = ORIENTED_EDGE('',*,*,#1354,.T.);
#1403 = ORIENTED_EDGE('',*,*,#1404,.F.);
#1404 = EDGE_CURVE('',#1405,#1173,#1407,.T.);
#1405 = VERTEX_POINT('',#1406);
#1406 = CARTESIAN_POINT('',(12.216791722871,-2.645751311065,-3.));
#1407 = SURFACE_CURVE('',#1408,(#1423,#1441),.PCURVE_S1.);
#1408 = B_SPLINE_CURVE_WITH_KNOTS('',7,(#1409,#1410,#1411,#1412,#1413,
    #1414,#1415,#1416,#1417,#1418,#1419,#1420,#1421,#1422),
  .UNSPECIFIED.,.F.,.F.,(8,6,8),(0.,0.210237533278,1.),.UNSPECIFIED.);
#1409 = CARTESIAN_POINT('',(12.216791870209,-2.645750630728,-3.0000006)
  );
#1410 = CARTESIAN_POINT('',(12.198603136458,-2.72973737235,
    -2.925931289941));
#1411 = CARTESIAN_POINT('',(12.180427982308,-2.810405111327,
    -2.849912469766));
#1412 = CARTESIAN_POINT('',(12.162353297941,-2.887795502573,
    -2.772095158485));
#1413 = CARTESIAN_POINT('',(12.144459132248,-2.961950551296,
    -2.692617670558));
#1414 = CARTESIAN_POINT('',(12.126818924514,-3.032912554227,
    -2.611605659061));
#1415 = CARTESIAN_POINT('',(12.109499736098,-3.100724040836,
    -2.529172158854));
#1416 = CARTESIAN_POINT('',(12.028937270788,-3.408488656971,
    -2.130791680352));
#1417 = CARTESIAN_POINT('',(11.970619816613,-3.608006674513,
    -1.797118577022));
#1418 = CARTESIAN_POINT('',(11.920957115873,-3.765685515144,
    -1.450069641639));
#1419 = CARTESIAN_POINT('',(11.882242293147,-3.882984529474,
    -1.093775267862));
#1420 = CARTESIAN_POINT('',(11.855915769628,-3.960929541104,
    -0.731484455036));
#1421 = CARTESIAN_POINT('',(11.842719282327,-4.,-0.366002450055));
#1422 = CARTESIAN_POINT('',(11.842719282327,-4.,-1.33226762955E-15));
#1423 = PCURVE('',#161,#1424);
#1424 = DEFINITIONAL_REPRESENTATION('',(#1425),#1440);
#1425 = B_SPLINE_CURVE_WITH_KNOTS('',7,(#1426,#1427,#1428,#1429,#1430,
    #1431,#1432,#1433,#1434,#1435,#1436,#1437,#1438,#1439),
  .UNSPECIFIED.,.F.,.F.,(8,6,8),(0.,0.210237533278,1.),.UNSPECIFIED.);
#1426 = CARTESIAN_POINT('',(5.435123001419,32.783208129791));
#1427 = CARTESIAN_POINT('',(5.463118576361,32.801396863542));
#1428 = CARTESIAN_POINT('',(5.490814213916,32.819572017692));
#1429 = CARTESIAN_POINT('',(5.518228565289,32.837646702059));
#1430 = CARTESIAN_POINT('',(5.545379054169,32.855540867752));
#1431 = CARTESIAN_POINT('',(5.572282408888,32.873181075486));
#1432 = CARTESIAN_POINT('',(5.598955194578,32.890500263902));
#1433 = CARTESIAN_POINT('',(5.724808796184,32.971062729212));
#1434 = CARTESIAN_POINT('',(5.821316533805,33.029380183387));
#1435 = CARTESIAN_POINT('',(5.915679321133,33.079042884127));
#1436 = CARTESIAN_POINT('',(6.008489928375,33.117757706853));
#1437 = CARTESIAN_POINT('',(6.100314277913,33.144084230372));
#1438 = CARTESIAN_POINT('',(6.191684694666,33.157280717673));
#1439 = CARTESIAN_POINT('',(6.28318530718,33.157280717673));
#1440 = ( GEOMETRIC_REPRESENTATION_CONTEXT(2) 
PARAMETRIC_REPRESENTATION_CONTEXT() REPRESENTATION_CONTEXT('2D SPACE',''
  ) );
#1441 = PCURVE('',#501,#1442);
#1442 = DEFINITIONAL_REPRESENTATION('',(#1443),#1458);
#1443 = B_SPLINE_CURVE_WITH_KNOTS('',7,(#1444,#1445,#1446,#1447,#1448,
    #1449,#1450,#1451,#1452,#1453,#1454,#1455,#1456,#1457),
  .UNSPECIFIED.,.F.,.F.,(8,6,8),(0.,0.210237533278,1.),.UNSPECIFIED.);
#1444 = CARTESIAN_POINT('',(3.354865835418,18.0000006));
#1445 = CARTESIAN_POINT('',(3.361740532353,17.925931289941));
#1446 = CARTESIAN_POINT('',(3.368355495383,17.849912469766));
#1447 = CARTESIAN_POINT('',(3.374713039024,17.772095158485));
#1448 = CARTESIAN_POINT('',(3.38081544458,17.692617670558));
#1449 = CARTESIAN_POINT('',(3.386664983675,17.611605659061));
#1450 = CARTESIAN_POINT('',(3.39226394178,17.529172158854));
#1451 = CARTESIAN_POINT('',(3.41771467785,17.130791680352));
#1452 = CARTESIAN_POINT('',(3.434337296571,16.797118577022));
#1453 = CARTESIAN_POINT('',(3.447559794017,16.450069641639));
#1454 = CARTESIAN_POINT('',(3.457441338023,16.093775267862));
#1455 = CARTESIAN_POINT('',(3.464023030647,15.731484455036));
#1456 = CARTESIAN_POINT('',(3.467322140884,15.366002450055));
#1457 = CARTESIAN_POINT('',(3.467322140884,15.));
#1458 = ( GEOMETRIC_REPRESENTATION_CONTEXT(2) 
PARAMETRIC_REPRESENTATION_CONTEXT() REPRESENTATION_CONTEXT('2D SPACE',''
  ) );
#1459 = ORIENTED_EDGE('',*,*,#1460,.T.);
#1460 = EDGE_CURVE('',#1405,#1461,#1463,.T.);
#1461 = VERTEX_POINT('',#1462);
#1462 = CARTESIAN_POINT('',(-12.21679172287,-2.645751311065,-3.));
#1463 = SURFACE_CURVE('',#1464,(#1468,#1474),.PCURVE_S1.);
#1464 = LINE('',#1465,#1466);
#1465 = CARTESIAN_POINT('',(45.,-2.645751311065,-3.));
#1466 = VECTOR('',#1467,1.);
#1467 = DIRECTION('',(-1.,0.,0.));
#1468 = PCURVE('',#161,#1469);
#1469 = DEFINITIONAL_REPRESENTATION('',(#1470),#1473);
#1470 = B_SPLINE_CURVE_WITH_KNOTS('',1,(#1471,#1472),.UNSPECIFIED.,.F.,
  .F.,(2,2),(30.,60.),.PIECEWISE_BEZIER_KNOTS.);
#1471 = CARTESIAN_POINT('',(5.435123228198,30.));
#1472 = CARTESIAN_POINT('',(5.435123228198,60.));
#1473 = ( GEOMETRIC_REPRESENTATION_CONTEXT(2) 
PARAMETRIC_REPRESENTATION_CONTEXT() REPRESENTATION_CONTEXT('2D SPACE',''
  ) );
#1474 = PCURVE('',#1475,#1480);
#1475 = PLANE('',#1476);
#1476 = AXIS2_PLACEMENT_3D('',#1477,#1478,#1479);
#1477 = CARTESIAN_POINT('',(0.,0.,-3.));
#1478 = DIRECTION('',(0.,0.,-1.));
#1479 = DIRECTION('',(-1.,0.,0.));
#1480 = DEFINITIONAL_REPRESENTATION('',(#1481),#1484);
#1481 = B_SPLINE_CURVE_WITH_KNOTS('',1,(#1482,#1483),.UNSPECIFIED.,.F.,
  .F.,(2,2),(30.,60.),.PIECEWISE_BEZIER_KNOTS.);
#1482 = CARTESIAN_POINT('',(-15.,-2.645751311065));
#1483 = CARTESIAN_POINT('',(15.,-2.645751311065));
#1484 = ( GEOMETRIC_REPRESENTATION_CONTEXT(2) 
PARAMETRIC_REPRESENTATION_CONTEXT() REPRESENTATION_CONTEXT('2D SPACE',''
  ) );
#1485 = ORIENTED_EDGE('',*,*,#1486,.T.);
#1486 = EDGE_CURVE('',#1461,#922,#1487,.T.);
#1487 = SURFACE_CURVE('',#1488,(#1503,#1521),.PCURVE_S1.);
#1488 = B_SPLINE_CURVE_WITH_KNOTS('',7,(#1489,#1490,#1491,#1492,#1493,
    #1494,#1495,#1496,#1497,#1498,#1499,#1500,#1501,#1502),
  .UNSPECIFIED.,.F.,.F.,(8,6,8),(0.,0.210237533278,1.),.UNSPECIFIED.);
#1489 = CARTESIAN_POINT('',(-12.2167918702,-2.645750630728,-3.0000006));
#1490 = CARTESIAN_POINT('',(-12.19860313645,-2.72973737235,
    -2.925931289941));
#1491 = CARTESIAN_POINT('',(-12.1804279823,-2.810405111327,
    -2.849912469766));
#1492 = CARTESIAN_POINT('',(-12.16235329794,-2.887795502573,
    -2.772095158485));
#1493 = CARTESIAN_POINT('',(-12.14445913224,-2.961950551296,
    -2.692617670558));
#1494 = CARTESIAN_POINT('',(-12.12681892451,-3.032912554227,
    -2.611605659061));
#1495 = CARTESIAN_POINT('',(-12.10949973609,-3.100724040836,
    -2.529172158854));
#1496 = CARTESIAN_POINT('',(-12.02893727078,-3.408488656971,
    -2.130791680352));
#1497 = CARTESIAN_POINT('',(-11.97061981661,-3.608006674512,
    -1.797118577022));
#1498 = CARTESIAN_POINT('',(-11.92095711587,-3.765685515144,
    -1.450069641639));
#1499 = CARTESIAN_POINT('',(-11.88224229314,-3.882984529474,
    -1.093775267863));
#1500 = CARTESIAN_POINT('',(-11.85591576962,-3.960929541104,
    -0.731484455035));
#1501 = CARTESIAN_POINT('',(-11.84271928232,-4.,-0.366002450055));
#1502 = CARTESIAN_POINT('',(-11.84271928232,-4.,-1.33226762955E-15));
#1503 = PCURVE('',#161,#1504);
#1504 = DEFINITIONAL_REPRESENTATION('',(#1505),#1520);
#1505 = B_SPLINE_CURVE_WITH_KNOTS('',7,(#1506,#1507,#1508,#1509,#1510,
    #1511,#1512,#1513,#1514,#1515,#1516,#1517,#1518,#1519),
  .UNSPECIFIED.,.F.,.F.,(8,6,8),(0.,0.210237533278,1.),.UNSPECIFIED.);
#1506 = CARTESIAN_POINT('',(5.435123001419,57.216791870209));
#1507 = CARTESIAN_POINT('',(5.463118576361,57.198603136458));
#1508 = CARTESIAN_POINT('',(5.490814213916,57.180427982308));
#1509 = CARTESIAN_POINT('',(5.518228565289,57.162353297941));
#1510 = CARTESIAN_POINT('',(5.545379054169,57.144459132248));
#1511 = CARTESIAN_POINT('',(5.572282408888,57.126818924514));
#1512 = CARTESIAN_POINT('',(5.598955194578,57.109499736098));
#1513 = CARTESIAN_POINT('',(5.724808796184,57.028937270788));
#1514 = CARTESIAN_POINT('',(5.821316533804,56.970619816613));
#1515 = CARTESIAN_POINT('',(5.915679321133,56.920957115873));
#1516 = CARTESIAN_POINT('',(6.008489928374,56.882242293147));
#1517 = CARTESIAN_POINT('',(6.100314277913,56.855915769628));
#1518 = CARTESIAN_POINT('',(6.191684694666,56.842719282327));
#1519 = CARTESIAN_POINT('',(6.28318530718,56.842719282327));
#1520 = ( GEOMETRIC_REPRESENTATION_CONTEXT(2) 
PARAMETRIC_REPRESENTATION_CONTEXT() REPRESENTATION_CONTEXT('2D SPACE',''
  ) );
#1521 = PCURVE('',#501,#1522);
#1522 = DEFINITIONAL_REPRESENTATION('',(#1523),#1538);
#1523 = B_SPLINE_CURVE_WITH_KNOTS('',7,(#1524,#1525,#1526,#1527,#1528,
    #1529,#1530,#1531,#1532,#1533,#1534,#1535,#1536,#1537),
  .UNSPECIFIED.,.F.,.F.,(8,6,8),(0.,0.210237533278,1.),.UNSPECIFIED.);
#1524 = CARTESIAN_POINT('',(6.069912125351,18.0000006));
#1525 = CARTESIAN_POINT('',(6.063037428416,17.925931289941));
#1526 = CARTESIAN_POINT('',(6.056422465387,17.849912469766));
#1527 = CARTESIAN_POINT('',(6.050064921745,17.772095158485));
#1528 = CARTESIAN_POINT('',(6.043962516189,17.692617670558));
#1529 = CARTESIAN_POINT('',(6.038112977095,17.611605659061));
#1530 = CARTESIAN_POINT('',(6.032514018989,17.529172158854));
#1531 = CARTESIAN_POINT('',(6.00706328292,17.130791680352));
#1532 = CARTESIAN_POINT('',(5.990440664198,16.797118577022));
#1533 = CARTESIAN_POINT('',(5.977218166752,16.450069641639));
#1534 = CARTESIAN_POINT('',(5.967336622746,16.093775267863));
#1535 = CARTESIAN_POINT('',(5.960754930122,15.731484455035));
#1536 = CARTESIAN_POINT('',(5.957455819885,15.366002450055));
#1537 = CARTESIAN_POINT('',(5.957455819885,15.));
#1538 = ( GEOMETRIC_REPRESENTATION_CONTEXT(2) 
PARAMETRIC_REPRESENTATION_CONTEXT() REPRESENTATION_CONTEXT('2D SPACE',''
  ) );
#1539 = ORIENTED_EDGE('',*,*,#921,.T.);
#1540 = ADVANCED_FACE('',(#1541),#217,.F.);
#1541 = FACE_BOUND('',#1542,.F.);
#1542 = EDGE_LOOP('',(#1543,#1544,#1545,#1546));
#1543 = ORIENTED_EDGE('',*,*,#657,.F.);
#1544 = ORIENTED_EDGE('',*,*,#575,.T.);
#1545 = ORIENTED_EDGE('',*,*,#201,.T.);
#1546 = ORIENTED_EDGE('',*,*,#1547,.F.);
#1547 = EDGE_CURVE('',#658,#202,#1548,.T.);
#1548 = SURFACE_CURVE('',#1549,(#1553,#1560),.PCURVE_S1.);
#1549 = LINE('',#1550,#1551);
#1550 = CARTESIAN_POINT('',(39.,-30.,-15.));
#1551 = VECTOR('',#1552,1.);
#1552 = DIRECTION('',(0.,0.,1.));
#1553 = PCURVE('',#217,#1554);
#1554 = DEFINITIONAL_REPRESENTATION('',(#1555),#1559);
#1555 = LINE('',#1556,#1557);
#1556 = CARTESIAN_POINT('',(0.,84.));
#1557 = VECTOR('',#1558,1.);
#1558 = DIRECTION('',(1.,0.));
#1559 = ( GEOMETRIC_REPRESENTATION_CONTEXT(2) 
PARAMETRIC_REPRESENTATION_CONTEXT() REPRESENTATION_CONTEXT('2D SPACE',''
  ) );
#1560 = PCURVE('',#250,#1561);
#1561 = DEFINITIONAL_REPRESENTATION('',(#1562),#1566);
#1562 = LINE('',#1563,#1564);
#1563 = CARTESIAN_POINT('',(-1.570796326795,0.));
#1564 = VECTOR('',#1565,1.);
#1565 = DIRECTION('',(-0.,1.));
#1566 = ( GEOMETRIC_REPRESENTATION_CONTEXT(2) 
PARAMETRIC_REPRESENTATION_CONTEXT() REPRESENTATION_CONTEXT('2D SPACE',''
  ) );
#1567 = ADVANCED_FACE('',(#1568),#335,.T.);
#1568 = FACE_BOUND('',#1569,.T.);
#1569 = EDGE_LOOP('',(#1570,#1571,#1572,#1573));
#1570 = ORIENTED_EDGE('',*,*,#755,.F.);
#1571 = ORIENTED_EDGE('',*,*,#629,.T.);
#1572 = ORIENTED_EDGE('',*,*,#319,.T.);
#1573 = ORIENTED_EDGE('',*,*,#1574,.F.);
#1574 = EDGE_CURVE('',#732,#291,#1575,.T.);
#1575 = SURFACE_CURVE('',#1576,(#1580,#1587),.PCURVE_S1.);
#1576 = LINE('',#1577,#1578);
#1577 = CARTESIAN_POINT('',(39.,30.,-15.));
#1578 = VECTOR('',#1579,1.);
#1579 = DIRECTION('',(0.,0.,1.));
#1580 = PCURVE('',#335,#1581);
#1581 = DEFINITIONAL_REPRESENTATION('',(#1582),#1586);
#1582 = LINE('',#1583,#1584);
#1583 = CARTESIAN_POINT('',(0.,84.));
#1584 = VECTOR('',#1585,1.);
#1585 = DIRECTION('',(1.,0.));
#1586 = ( GEOMETRIC_REPRESENTATION_CONTEXT(2) 
PARAMETRIC_REPRESENTATION_CONTEXT() REPRESENTATION_CONTEXT('2D SPACE',''
  ) );
#1587 = PCURVE('',#307,#1588);
#1588 = DEFINITIONAL_REPRESENTATION('',(#1589),#1593);
#1589 = LINE('',#1590,#1591);
#1590 = CARTESIAN_POINT('',(1.570796326795,0.));
#1591 = VECTOR('',#1592,1.);
#1592 = DIRECTION('',(0.,1.));
#1593 = ( GEOMETRIC_REPRESENTATION_CONTEXT(2) 
PARAMETRIC_REPRESENTATION_CONTEXT() REPRESENTATION_CONTEXT('2D SPACE',''
  ) );
#1594 = ADVANCED_FACE('',(#1595),#250,.T.);
#1595 = FACE_BOUND('',#1596,.F.);
#1596 = EDGE_LOOP('',(#1597,#1598,#1599,#1600));
#1597 = ORIENTED_EDGE('',*,*,#680,.T.);
#1598 = ORIENTED_EDGE('',*,*,#1547,.T.);
#1599 = ORIENTED_EDGE('',*,*,#229,.F.);
#1600 = ORIENTED_EDGE('',*,*,#1601,.F.);
#1601 = EDGE_CURVE('',#681,#230,#1602,.T.);
#1602 = SURFACE_CURVE('',#1603,(#1607,#1614),.PCURVE_S1.);
#1603 = LINE('',#1604,#1605);
#1604 = CARTESIAN_POINT('',(45.,-24.,-15.));
#1605 = VECTOR('',#1606,1.);
#1606 = DIRECTION('',(0.,0.,1.));
#1607 = PCURVE('',#250,#1608);
#1608 = DEFINITIONAL_REPRESENTATION('',(#1609),#1613);
#1609 = LINE('',#1610,#1611);
#1610 = CARTESIAN_POINT('',(-0.,0.));
#1611 = VECTOR('',#1612,1.);
#1612 = DIRECTION('',(-0.,1.));
#1613 = ( GEOMETRIC_REPRESENTATION_CONTEXT(2) 
PARAMETRIC_REPRESENTATION_CONTEXT() REPRESENTATION_CONTEXT('2D SPACE',''
  ) );
#1614 = PCURVE('',#278,#1615);
#1615 = DEFINITIONAL_REPRESENTATION('',(#1616),#1620);
#1616 = LINE('',#1617,#1618);
#1617 = CARTESIAN_POINT('',(0.,-6.));
#1618 = VECTOR('',#1619,1.);
#1619 = DIRECTION('',(1.,0.));
#1620 = ( GEOMETRIC_REPRESENTATION_CONTEXT(2) 
PARAMETRIC_REPRESENTATION_CONTEXT() REPRESENTATION_CONTEXT('2D SPACE',''
  ) );
#1621 = ADVANCED_FACE('',(#1622),#307,.T.);
#1622 = FACE_BOUND('',#1623,.T.);
#1623 = EDGE_LOOP('',(#1624,#1625,#1626,#1627));
#1624 = ORIENTED_EDGE('',*,*,#731,.T.);
#1625 = ORIENTED_EDGE('',*,*,#1574,.T.);
#1626 = ORIENTED_EDGE('',*,*,#290,.F.);
#1627 = ORIENTED_EDGE('',*,*,#1628,.F.);
#1628 = EDGE_CURVE('',#709,#263,#1629,.T.);
#1629 = SURFACE_CURVE('',#1630,(#1634,#1641),.PCURVE_S1.);
#1630 = LINE('',#1631,#1632);
#1631 = CARTESIAN_POINT('',(45.,24.,-15.));
#1632 = VECTOR('',#1633,1.);
#1633 = DIRECTION('',(0.,0.,1.));
#1634 = PCURVE('',#307,#1635);
#1635 = DEFINITIONAL_REPRESENTATION('',(#1636),#1640);
#1636 = LINE('',#1637,#1638);
#1637 = CARTESIAN_POINT('',(0.,0.));
#1638 = VECTOR('',#1639,1.);
#1639 = DIRECTION('',(0.,1.));
#1640 = ( GEOMETRIC_REPRESENTATION_CONTEXT(2) 
PARAMETRIC_REPRESENTATION_CONTEXT() REPRESENTATION_CONTEXT('2D SPACE',''
  ) );
#1641 = PCURVE('',#278,#1642);
#1642 = DEFINITIONAL_REPRESENTATION('',(#1643),#1647);
#1643 = LINE('',#1644,#1645);
#1644 = CARTESIAN_POINT('',(0.,-54.));
#1645 = VECTOR('',#1646,1.);
#1646 = DIRECTION('',(1.,0.));
#1647 = ( GEOMETRIC_REPRESENTATION_CONTEXT(2) 
PARAMETRIC_REPRESENTATION_CONTEXT() REPRESENTATION_CONTEXT('2D SPACE',''
  ) );
#1648 = ADVANCED_FACE('',(#1649,#1655),#278,.T.);
#1649 = FACE_BOUND('',#1650,.T.);
#1650 = EDGE_LOOP('',(#1651,#1652,#1653,#1654));
#1651 = ORIENTED_EDGE('',*,*,#262,.F.);
#1652 = ORIENTED_EDGE('',*,*,#1601,.F.);
#1653 = ORIENTED_EDGE('',*,*,#708,.T.);
#1654 = ORIENTED_EDGE('',*,*,#1628,.T.);
#1655 = FACE_BOUND('',#1656,.T.);
#1656 = EDGE_LOOP('',(#1657));
#1657 = ORIENTED_EDGE('',*,*,#1377,.T.);
#1658 = ADVANCED_FACE('',(#1659),#396,.F.);
#1659 = FACE_BOUND('',#1660,.F.);
#1660 = EDGE_LOOP('',(#1661,#1690,#1711,#1712));
#1661 = ORIENTED_EDGE('',*,*,#1662,.F.);
#1662 = EDGE_CURVE('',#1663,#1663,#1665,.T.);
#1663 = VERTEX_POINT('',#1664);
#1664 = CARTESIAN_POINT('',(-37.5,-20.,8.5));
#1665 = SURFACE_CURVE('',#1666,(#1671,#1678),.PCURVE_S1.);
#1666 = CIRCLE('',#1667,5.5);
#1667 = AXIS2_PLACEMENT_3D('',#1668,#1669,#1670);
#1668 = CARTESIAN_POINT('',(-32.,-20.,8.5));
#1669 = DIRECTION('',(0.,0.,-1.));
#1670 = DIRECTION('',(-1.,0.,0.));
#1671 = PCURVE('',#396,#1672);
#1672 = DEFINITIONAL_REPRESENTATION('',(#1673),#1677);
#1673 = LINE('',#1674,#1675);
#1674 = CARTESIAN_POINT('',(0.,6.5));
#1675 = VECTOR('',#1676,1.);
#1676 = DIRECTION('',(1.,0.));
#1677 = ( GEOMETRIC_REPRESENTATION_CONTEXT(2) 
PARAMETRIC_REPRESENTATION_CONTEXT() REPRESENTATION_CONTEXT('2D SPACE',''
  ) );
#1678 = PCURVE('',#1679,#1684);
#1679 = PLANE('',#1680);
#1680 = AXIS2_PLACEMENT_3D('',#1681,#1682,#1683);
#1681 = CARTESIAN_POINT('',(-32.,-20.,8.5));
#1682 = DIRECTION('',(0.,0.,-1.));
#1683 = DIRECTION('',(-1.,0.,0.));
#1684 = DEFINITIONAL_REPRESENTATION('',(#1685),#1689);
#1685 = CIRCLE('',#1686,5.5);
#1686 = AXIS2_PLACEMENT_2D('',#1687,#1688);
#1687 = CARTESIAN_POINT('',(0.,0.));
#1688 = DIRECTION('',(1.,0.));
#1689 = ( GEOMETRIC_REPRESENTATION_CONTEXT(2) 
PARAMETRIC_REPRESENTATION_CONTEXT() REPRESENTATION_CONTEXT('2D SPACE',''
  ) );
#1690 = ORIENTED_EDGE('',*,*,#1691,.F.);
#1691 = EDGE_CURVE('',#376,#1663,#1692,.T.);
#1692 = SEAM_CURVE('',#1693,(#1697,#1704),.PCURVE_S1.);
#1693 = LINE('',#1694,#1695);
#1694 = CARTESIAN_POINT('',(-37.5,-20.,15.));
#1695 = VECTOR('',#1696,1.);
#1696 = DIRECTION('',(0.,0.,-1.));
#1697 = PCURVE('',#396,#1698);
#1698 = DEFINITIONAL_REPRESENTATION('',(#1699),#1703);
#1699 = LINE('',#1700,#1701);
#1700 = CARTESIAN_POINT('',(6.28318530718,-0.));
#1701 = VECTOR('',#1702,1.);
#1702 = DIRECTION('',(0.,1.));
#1703 = ( GEOMETRIC_REPRESENTATION_CONTEXT(2) 
PARAMETRIC_REPRESENTATION_CONTEXT() REPRESENTATION_CONTEXT('2D SPACE',''
  ) );
#1704 = PCURVE('',#396,#1705);
#1705 = DEFINITIONAL_REPRESENTATION('',(#1706),#1710);
#1706 = LINE('',#1707,#1708);
#1707 = CARTESIAN_POINT('',(0.,-0.));
#1708 = VECTOR('',#1709,1.);
#1709 = DIRECTION('',(0.,1.));
#1710 = ( GEOMETRIC_REPRESENTATION_CONTEXT(2) 
PARAMETRIC_REPRESENTATION_CONTEXT() REPRESENTATION_CONTEXT('2D SPACE',''
  ) );
#1711 = ORIENTED_EDGE('',*,*,#375,.T.);
#1712 = ORIENTED_EDGE('',*,*,#1691,.T.);
#1713 = ADVANCED_FACE('',(#1714),#431,.F.);
#1714 = FACE_BOUND('',#1715,.F.);
#1715 = EDGE_LOOP('',(#1716,#1745,#1766,#1767));
#1716 = ORIENTED_EDGE('',*,*,#1717,.F.);
#1717 = EDGE_CURVE('',#1718,#1718,#1720,.T.);
#1718 = VERTEX_POINT('',#1719);
#1719 = CARTESIAN_POINT('',(26.5,-20.,8.5));
#1720 = SURFACE_CURVE('',#1721,(#1726,#1733),.PCURVE_S1.);
#1721 = CIRCLE('',#1722,5.5);
#1722 = AXIS2_PLACEMENT_3D('',#1723,#1724,#1725);
#1723 = CARTESIAN_POINT('',(32.,-20.,8.5));
#1724 = DIRECTION('',(0.,0.,-1.));
#1725 = DIRECTION('',(-1.,0.,0.));
#1726 = PCURVE('',#431,#1727);
#1727 = DEFINITIONAL_REPRESENTATION('',(#1728),#1732);
#1728 = LINE('',#1729,#1730);
#1729 = CARTESIAN_POINT('',(0.,6.5));
#1730 = VECTOR('',#1731,1.);
#1731 = DIRECTION('',(1.,0.));
#1732 = ( GEOMETRIC_REPRESENTATION_CONTEXT(2) 
PARAMETRIC_REPRESENTATION_CONTEXT() REPRESENTATION_CONTEXT('2D SPACE',''
  ) );
#1733 = PCURVE('',#1734,#1739);
#1734 = PLANE('',#1735);
#1735 = AXIS2_PLACEMENT_3D('',#1736,#1737,#1738);
#1736 = CARTESIAN_POINT('',(32.,-20.,8.5));
#1737 = DIRECTION('',(0.,0.,-1.));
#1738 = DIRECTION('',(-1.,0.,0.));
#1739 = DEFINITIONAL_REPRESENTATION('',(#1740),#1744);
#1740 = CIRCLE('',#1741,5.5);
#1741 = AXIS2_PLACEMENT_2D('',#1742,#1743);
#1742 = CARTESIAN_POINT('',(0.,0.));
#1743 = DIRECTION('',(1.,0.));
#1744 = ( GEOMETRIC_REPRESENTATION_CONTEXT(2) 
PARAMETRIC_REPRESENTATION_CONTEXT() REPRESENTATION_CONTEXT('2D SPACE',''
  ) );
#1745 = ORIENTED_EDGE('',*,*,#1746,.F.);
#1746 = EDGE_CURVE('',#411,#1718,#1747,.T.);
#1747 = SEAM_CURVE('',#1748,(#1752,#1759),.PCURVE_S1.);
#1748 = LINE('',#1749,#1750);
#1749 = CARTESIAN_POINT('',(26.5,-20.,15.));
#1750 = VECTOR('',#1751,1.);
#1751 = DIRECTION('',(0.,0.,-1.));
#1752 = PCURVE('',#431,#1753);
#1753 = DEFINITIONAL_REPRESENTATION('',(#1754),#1758);
#1754 = LINE('',#1755,#1756);
#1755 = CARTESIAN_POINT('',(6.28318530718,-0.));
#1756 = VECTOR('',#1757,1.);
#1757 = DIRECTION('',(0.,1.));
#1758 = ( GEOMETRIC_REPRESENTATION_CONTEXT(2) 
PARAMETRIC_REPRESENTATION_CONTEXT() REPRESENTATION_CONTEXT('2D SPACE',''
  ) );
#1759 = PCURVE('',#431,#1760);
#1760 = DEFINITIONAL_REPRESENTATION('',(#1761),#1765);
#1761 = LINE('',#1762,#1763);
#1762 = CARTESIAN_POINT('',(0.,-0.));
#1763 = VECTOR('',#1764,1.);
#1764 = DIRECTION('',(0.,1.));
#1765 = ( GEOMETRIC_REPRESENTATION_CONTEXT(2) 
PARAMETRIC_REPRESENTATION_CONTEXT() REPRESENTATION_CONTEXT('2D SPACE',''
  ) );
#1766 = ORIENTED_EDGE('',*,*,#410,.T.);
#1767 = ORIENTED_EDGE('',*,*,#1746,.T.);
#1768 = ADVANCED_FACE('',(#1769),#466,.F.);
#1769 = FACE_BOUND('',#1770,.F.);
#1770 = EDGE_LOOP('',(#1771,#1800,#1821,#1822));
#1771 = ORIENTED_EDGE('',*,*,#1772,.F.);
#1772 = EDGE_CURVE('',#1773,#1773,#1775,.T.);
#1773 = VERTEX_POINT('',#1774);
#1774 = CARTESIAN_POINT('',(-37.5,20.,8.5));
#1775 = SURFACE_CURVE('',#1776,(#1781,#1788),.PCURVE_S1.);
#1776 = CIRCLE('',#1777,5.5);
#1777 = AXIS2_PLACEMENT_3D('',#1778,#1779,#1780);
#1778 = CARTESIAN_POINT('',(-32.,20.,8.5));
#1779 = DIRECTION('',(0.,0.,-1.));
#1780 = DIRECTION('',(-1.,0.,0.));
#1781 = PCURVE('',#466,#1782);
#1782 = DEFINITIONAL_REPRESENTATION('',(#1783),#1787);
#1783 = LINE('',#1784,#1785);
#1784 = CARTESIAN_POINT('',(0.,6.5));
#1785 = VECTOR('',#1786,1.);
#1786 = DIRECTION('',(1.,0.));
#1787 = ( GEOMETRIC_REPRESENTATION_CONTEXT(2) 
PARAMETRIC_REPRESENTATION_CONTEXT() REPRESENTATION_CONTEXT('2D SPACE',''
  ) );
#1788 = PCURVE('',#1789,#1794);
#1789 = PLANE('',#1790);
#1790 = AXIS2_PLACEMENT_3D('',#1791,#1792,#1793);
#1791 = CARTESIAN_POINT('',(-32.,20.,8.5));
#1792 = DIRECTION('',(0.,0.,-1.));
#1793 = DIRECTION('',(-1.,0.,0.));
#1794 = DEFINITIONAL_REPRESENTATION('',(#1795),#1799);
#1795 = CIRCLE('',#1796,5.5);
#1796 = AXIS2_PLACEMENT_2D('',#1797,#1798);
#1797 = CARTESIAN_POINT('',(0.,0.));
#1798 = DIRECTION('',(1.,0.));
#1799 = ( GEOMETRIC_REPRESENTATION_CONTEXT(2) 
PARAMETRIC_REPRESENTATION_CONTEXT() REPRESENTATION_CONTEXT('2D SPACE',''
  ) );
#1800 = ORIENTED_EDGE('',*,*,#1801,.F.);
#1801 = EDGE_CURVE('',#446,#1773,#1802,.T.);
#1802 = SEAM_CURVE('',#1803,(#1807,#1814),.PCURVE_S1.);
#1803 = LINE('',#1804,#1805);
#1804 = CARTESIAN_POINT('',(-37.5,20.,15.));
#1805 = VECTOR('',#1806,1.);
#1806 = DIRECTION('',(0.,0.,-1.));
#1807 = PCURVE('',#466,#1808);
#1808 = DEFINITIONAL_REPRESENTATION('',(#1809),#1813);
#1809 = LINE('',#1810,#1811);
#1810 = CARTESIAN_POINT('',(6.28318530718,-0.));
#1811 = VECTOR('',#1812,1.);
#1812 = DIRECTION('',(0.,1.));
#1813 = ( GEOMETRIC_REPRESENTATION_CONTEXT(2) 
PARAMETRIC_REPRESENTATION_CONTEXT() REPRESENTATION_CONTEXT('2D SPACE',''
  ) );
#1814 = PCURVE('',#466,#1815);
#1815 = DEFINITIONAL_REPRESENTATION('',(#1816),#1820);
#1816 = LINE('',#1817,#1818);
#1817 = CARTESIAN_POINT('',(0.,-0.));
#1818 = VECTOR('',#1819,1.);
#1819 = DIRECTION('',(0.,1.));
#1820 = ( GEOMETRIC_REPRESENTATION_CONTEXT(2) 
PARAMETRIC_REPRESENTATION_CONTEXT() REPRESENTATION_CONTEXT('2D SPACE',''
  ) );
#1821 = ORIENTED_EDGE('',*,*,#445,.T.);
#1822 = ORIENTED_EDGE('',*,*,#1801,.T.);
#1823 = ADVANCED_FACE('',(#1824),#501,.F.);
#1824 = FACE_BOUND('',#1825,.F.);
#1825 = EDGE_LOOP('',(#1826,#1848,#1849,#1870,#1871,#1872,#1873,#1874,
    #1896,#1897));
#1826 = ORIENTED_EDGE('',*,*,#1827,.F.);
#1827 = EDGE_CURVE('',#1019,#1147,#1828,.T.);
#1828 = SURFACE_CURVE('',#1829,(#1834,#1841),.PCURVE_S1.);
#1829 = CIRCLE('',#1830,12.5);
#1830 = AXIS2_PLACEMENT_3D('',#1831,#1832,#1833);
#1831 = CARTESIAN_POINT('',(0.,0.,-3.));
#1832 = DIRECTION('',(0.,0.,-1.));
#1833 = DIRECTION('',(-1.,0.,0.));
#1834 = PCURVE('',#501,#1835);
#1835 = DEFINITIONAL_REPRESENTATION('',(#1836),#1840);
#1836 = LINE('',#1837,#1838);
#1837 = CARTESIAN_POINT('',(0.,18.));
#1838 = VECTOR('',#1839,1.);
#1839 = DIRECTION('',(1.,0.));
#1840 = ( GEOMETRIC_REPRESENTATION_CONTEXT(2) 
PARAMETRIC_REPRESENTATION_CONTEXT() REPRESENTATION_CONTEXT('2D SPACE',''
  ) );
#1841 = PCURVE('',#1161,#1842);
#1842 = DEFINITIONAL_REPRESENTATION('',(#1843),#1847);
#1843 = CIRCLE('',#1844,12.5);
#1844 = AXIS2_PLACEMENT_2D('',#1845,#1846);
#1845 = CARTESIAN_POINT('',(0.,0.));
#1846 = DIRECTION('',(1.,0.));
#1847 = ( GEOMETRIC_REPRESENTATION_CONTEXT(2) 
PARAMETRIC_REPRESENTATION_CONTEXT() REPRESENTATION_CONTEXT('2D SPACE',''
  ) );
#1848 = ORIENTED_EDGE('',*,*,#1018,.F.);
#1849 = ORIENTED_EDGE('',*,*,#1850,.F.);
#1850 = EDGE_CURVE('',#481,#945,#1851,.T.);
#1851 = SEAM_CURVE('',#1852,(#1856,#1863),.PCURVE_S1.);
#1852 = LINE('',#1853,#1854);
#1853 = CARTESIAN_POINT('',(-12.5,-3.061616997868E-15,15.));
#1854 = VECTOR('',#1855,1.);
#1855 = DIRECTION('',(0.,0.,-1.));
#1856 = PCURVE('',#501,#1857);
#1857 = DEFINITIONAL_REPRESENTATION('',(#1858),#1862);
#1858 = LINE('',#1859,#1860);
#1859 = CARTESIAN_POINT('',(6.28318530718,-0.));
#1860 = VECTOR('',#1861,1.);
#1861 = DIRECTION('',(0.,1.));
#1862 = ( GEOMETRIC_REPRESENTATION_CONTEXT(2) 
PARAMETRIC_REPRESENTATION_CONTEXT() REPRESENTATION_CONTEXT('2D SPACE',''
  ) );
#1863 = PCURVE('',#501,#1864);
#1864 = DEFINITIONAL_REPRESENTATION('',(#1865),#1869);
#1865 = LINE('',#1866,#1867);
#1866 = CARTESIAN_POINT('',(0.,-0.));
#1867 = VECTOR('',#1868,1.);
#1868 = DIRECTION('',(0.,1.));
#1869 = ( GEOMETRIC_REPRESENTATION_CONTEXT(2) 
PARAMETRIC_REPRESENTATION_CONTEXT() REPRESENTATION_CONTEXT('2D SPACE',''
  ) );
#1870 = ORIENTED_EDGE('',*,*,#480,.T.);
#1871 = ORIENTED_EDGE('',*,*,#1850,.T.);
#1872 = ORIENTED_EDGE('',*,*,#944,.F.);
#1873 = ORIENTED_EDGE('',*,*,#1486,.F.);
#1874 = ORIENTED_EDGE('',*,*,#1875,.F.);
#1875 = EDGE_CURVE('',#1405,#1461,#1876,.T.);
#1876 = SURFACE_CURVE('',#1877,(#1882,#1889),.PCURVE_S1.);
#1877 = CIRCLE('',#1878,12.5);
#1878 = AXIS2_PLACEMENT_3D('',#1879,#1880,#1881);
#1879 = CARTESIAN_POINT('',(0.,0.,-3.));
#1880 = DIRECTION('',(0.,0.,-1.));
#1881 = DIRECTION('',(-1.,0.,0.));
#1882 = PCURVE('',#501,#1883);
#1883 = DEFINITIONAL_REPRESENTATION('',(#1884),#1888);
#1884 = LINE('',#1885,#1886);
#1885 = CARTESIAN_POINT('',(0.,18.));
#1886 = VECTOR('',#1887,1.);
#1887 = DIRECTION('',(1.,0.));
#1888 = ( GEOMETRIC_REPRESENTATION_CONTEXT(2) 
PARAMETRIC_REPRESENTATION_CONTEXT() REPRESENTATION_CONTEXT('2D SPACE',''
  ) );
#1889 = PCURVE('',#1475,#1890);
#1890 = DEFINITIONAL_REPRESENTATION('',(#1891),#1895);
#1891 = CIRCLE('',#1892,12.5);
#1892 = AXIS2_PLACEMENT_2D('',#1893,#1894);
#1893 = CARTESIAN_POINT('',(0.,0.));
#1894 = DIRECTION('',(1.,0.));
#1895 = ( GEOMETRIC_REPRESENTATION_CONTEXT(2) 
PARAMETRIC_REPRESENTATION_CONTEXT() REPRESENTATION_CONTEXT('2D SPACE',''
  ) );
#1896 = ORIENTED_EDGE('',*,*,#1404,.T.);
#1897 = ORIENTED_EDGE('',*,*,#1172,.T.);
#1898 = ADVANCED_FACE('',(#1899),#536,.F.);
#1899 = FACE_BOUND('',#1900,.F.);
#1900 = EDGE_LOOP('',(#1901,#1930,#1951,#1952));
#1901 = ORIENTED_EDGE('',*,*,#1902,.F.);
#1902 = EDGE_CURVE('',#1903,#1903,#1905,.T.);
#1903 = VERTEX_POINT('',#1904);
#1904 = CARTESIAN_POINT('',(26.5,20.,8.5));
#1905 = SURFACE_CURVE('',#1906,(#1911,#1918),.PCURVE_S1.);
#1906 = CIRCLE('',#1907,5.5);
#1907 = AXIS2_PLACEMENT_3D('',#1908,#1909,#1910);
#1908 = CARTESIAN_POINT('',(32.,20.,8.5));
#1909 = DIRECTION('',(0.,0.,-1.));
#1910 = DIRECTION('',(-1.,0.,0.));
#1911 = PCURVE('',#536,#1912);
#1912 = DEFINITIONAL_REPRESENTATION('',(#1913),#1917);
#1913 = LINE('',#1914,#1915);
#1914 = CARTESIAN_POINT('',(0.,6.5));
#1915 = VECTOR('',#1916,1.);
#1916 = DIRECTION('',(1.,0.));
#1917 = ( GEOMETRIC_REPRESENTATION_CONTEXT(2) 
PARAMETRIC_REPRESENTATION_CONTEXT() REPRESENTATION_CONTEXT('2D SPACE',''
  ) );
#1918 = PCURVE('',#1919,#1924);
#1919 = PLANE('',#1920);
#1920 = AXIS2_PLACEMENT_3D('',#1921,#1922,#1923);
#1921 = CARTESIAN_POINT('',(32.,20.,8.5));
#1922 = DIRECTION('',(0.,0.,-1.));
#1923 = DIRECTION('',(-1.,0.,0.));
#1924 = DEFINITIONAL_REPRESENTATION('',(#1925),#1929);
#1925 = CIRCLE('',#1926,5.5);
#1926 = AXIS2_PLACEMENT_2D('',#1927,#1928);
#1927 = CARTESIAN_POINT('',(0.,0.));
#1928 = DIRECTION('',(1.,0.));
#1929 = ( GEOMETRIC_REPRESENTATION_CONTEXT(2) 
PARAMETRIC_REPRESENTATION_CONTEXT() REPRESENTATION_CONTEXT('2D SPACE',''
  ) );
#1930 = ORIENTED_EDGE('',*,*,#1931,.F.);
#1931 = EDGE_CURVE('',#516,#1903,#1932,.T.);
#1932 = SEAM_CURVE('',#1933,(#1937,#1944),.PCURVE_S1.);
#1933 = LINE('',#1934,#1935);
#1934 = CARTESIAN_POINT('',(26.5,20.,15.));
#1935 = VECTOR('',#1936,1.);
#1936 = DIRECTION('',(0.,0.,-1.));
#1937 = PCURVE('',#536,#1938);
#1938 = DEFINITIONAL_REPRESENTATION('',(#1939),#1943);
#1939 = LINE('',#1940,#1941);
#1940 = CARTESIAN_POINT('',(6.28318530718,-0.));
#1941 = VECTOR('',#1942,1.);
#1942 = DIRECTION('',(0.,1.));
#1943 = ( GEOMETRIC_REPRESENTATION_CONTEXT(2) 
PARAMETRIC_REPRESENTATION_CONTEXT() REPRESENTATION_CONTEXT('2D SPACE',''
  ) );
#1944 = PCURVE('',#536,#1945);
#1945 = DEFINITIONAL_REPRESENTATION('',(#1946),#1950);
#1946 = LINE('',#1947,#1948);
#1947 = CARTESIAN_POINT('',(0.,-0.));
#1948 = VECTOR('',#1949,1.);
#1949 = DIRECTION('',(0.,1.));
#1950 = ( GEOMETRIC_REPRESENTATION_CONTEXT(2) 
PARAMETRIC_REPRESENTATION_CONTEXT() REPRESENTATION_CONTEXT('2D SPACE',''
  ) );
#1951 = ORIENTED_EDGE('',*,*,#515,.T.);
#1952 = ORIENTED_EDGE('',*,*,#1931,.T.);
#1953 = ADVANCED_FACE('',(#1954),#800,.F.);
#1954 = FACE_BOUND('',#1955,.F.);
#1955 = EDGE_LOOP('',(#1956,#1980,#2001,#2002));
#1956 = ORIENTED_EDGE('',*,*,#1957,.T.);
#1957 = EDGE_CURVE('',#1958,#1958,#1960,.T.);
#1958 = VERTEX_POINT('',#1959);
#1959 = CARTESIAN_POINT('',(-35.3,-20.,8.5));
#1960 = SURFACE_CURVE('',#1961,(#1966,#1973),.PCURVE_S1.);
#1961 = CIRCLE('',#1962,3.3);
#1962 = AXIS2_PLACEMENT_3D('',#1963,#1964,#1965);
#1963 = CARTESIAN_POINT('',(-32.,-20.,8.5));
#1964 = DIRECTION('',(0.,0.,-1.));
#1965 = DIRECTION('',(-1.,0.,0.));
#1966 = PCURVE('',#800,#1967);
#1967 = DEFINITIONAL_REPRESENTATION('',(#1968),#1972);
#1968 = LINE('',#1969,#1970);
#1969 = CARTESIAN_POINT('',(0.,6.5));
#1970 = VECTOR('',#1971,1.);
#1971 = DIRECTION('',(1.,0.));
#1972 = ( GEOMETRIC_REPRESENTATION_CONTEXT(2) 
PARAMETRIC_REPRESENTATION_CONTEXT() REPRESENTATION_CONTEXT('2D SPACE',''
  ) );
#1973 = PCURVE('',#1679,#1974);
#1974 = DEFINITIONAL_REPRESENTATION('',(#1975),#1979);
#1975 = CIRCLE('',#1976,3.3);
#1976 = AXIS2_PLACEMENT_2D('',#1977,#1978);
#1977 = CARTESIAN_POINT('',(0.,0.));
#1978 = DIRECTION('',(1.,0.));
#1979 = ( GEOMETRIC_REPRESENTATION_CONTEXT(2) 
PARAMETRIC_REPRESENTATION_CONTEXT() REPRESENTATION_CONTEXT('2D SPACE',''
  ) );
#1980 = ORIENTED_EDGE('',*,*,#1981,.T.);
#1981 = EDGE_CURVE('',#1958,#780,#1982,.T.);
#1982 = SEAM_CURVE('',#1983,(#1987,#1994),.PCURVE_S1.);
#1983 = LINE('',#1984,#1985);
#1984 = CARTESIAN_POINT('',(-35.3,-20.,15.));
#1985 = VECTOR('',#1986,1.);
#1986 = DIRECTION('',(0.,0.,-1.));
#1987 = PCURVE('',#800,#1988);
#1988 = DEFINITIONAL_REPRESENTATION('',(#1989),#1993);
#1989 = LINE('',#1990,#1991);
#1990 = CARTESIAN_POINT('',(0.,-0.));
#1991 = VECTOR('',#1992,1.);
#1992 = DIRECTION('',(0.,1.));
#1993 = ( GEOMETRIC_REPRESENTATION_CONTEXT(2) 
PARAMETRIC_REPRESENTATION_CONTEXT() REPRESENTATION_CONTEXT('2D SPACE',''
  ) );
#1994 = PCURVE('',#800,#1995);
#1995 = DEFINITIONAL_REPRESENTATION('',(#1996),#2000);
#1996 = LINE('',#1997,#1998);
#1997 = CARTESIAN_POINT('',(6.28318530718,-0.));
#1998 = VECTOR('',#1999,1.);
#1999 = DIRECTION('',(0.,1.));
#2000 = ( GEOMETRIC_REPRESENTATION_CONTEXT(2) 
PARAMETRIC_REPRESENTATION_CONTEXT() REPRESENTATION_CONTEXT('2D SPACE',''
  ) );
#2001 = ORIENTED_EDGE('',*,*,#779,.F.);
#2002 = ORIENTED_EDGE('',*,*,#1981,.F.);
#2003 = ADVANCED_FACE('',(#2004),#835,.F.);
#2004 = FACE_BOUND('',#2005,.F.);
#2005 = EDGE_LOOP('',(#2006,#2030,#2051,#2052));
#2006 = ORIENTED_EDGE('',*,*,#2007,.T.);
#2007 = EDGE_CURVE('',#2008,#2008,#2010,.T.);
#2008 = VERTEX_POINT('',#2009);
#2009 = CARTESIAN_POINT('',(28.7,-20.,8.5));
#2010 = SURFACE_CURVE('',#2011,(#2016,#2023),.PCURVE_S1.);
#2011 = CIRCLE('',#2012,3.3);
#2012 = AXIS2_PLACEMENT_3D('',#2013,#2014,#2015);
#2013 = CARTESIAN_POINT('',(32.,-20.,8.5));
#2014 = DIRECTION('',(0.,0.,-1.));
#2015 = DIRECTION('',(-1.,0.,0.));
#2016 = PCURVE('',#835,#2017);
#2017 = DEFINITIONAL_REPRESENTATION('',(#2018),#2022);
#2018 = LINE('',#2019,#2020);
#2019 = CARTESIAN_POINT('',(0.,6.5));
#2020 = VECTOR('',#2021,1.);
#2021 = DIRECTION('',(1.,0.));
#2022 = ( GEOMETRIC_REPRESENTATION_CONTEXT(2) 
PARAMETRIC_REPRESENTATION_CONTEXT() REPRESENTATION_CONTEXT('2D SPACE',''
  ) );
#2023 = PCURVE('',#1734,#2024);
#2024 = DEFINITIONAL_REPRESENTATION('',(#2025),#2029);
#2025 = CIRCLE('',#2026,3.3);
#2026 = AXIS2_PLACEMENT_2D('',#2027,#2028);
#2027 = CARTESIAN_POINT('',(0.,0.));
#2028 = DIRECTION('',(1.,0.));
#2029 = ( GEOMETRIC_REPRESENTATION_CONTEXT(2) 
PARAMETRIC_REPRESENTATION_CONTEXT() REPRESENTATION_CONTEXT('2D SPACE',''
  ) );
#2030 = ORIENTED_EDGE('',*,*,#2031,.T.);
#2031 = EDGE_CURVE('',#2008,#815,#2032,.T.);
#2032 = SEAM_CURVE('',#2033,(#2037,#2044),.PCURVE_S1.);
#2033 = LINE('',#2034,#2035);
#2034 = CARTESIAN_POINT('',(28.7,-20.,15.));
#2035 = VECTOR('',#2036,1.);
#2036 = DIRECTION('',(0.,0.,-1.));
#2037 = PCURVE('',#835,#2038);
#2038 = DEFINITIONAL_REPRESENTATION('',(#2039),#2043);
#2039 = LINE('',#2040,#2041);
#2040 = CARTESIAN_POINT('',(0.,-0.));
#2041 = VECTOR('',#2042,1.);
#2042 = DIRECTION('',(0.,1.));
#2043 = ( GEOMETRIC_REPRESENTATION_CONTEXT(2) 
PARAMETRIC_REPRESENTATION_CONTEXT() REPRESENTATION_CONTEXT('2D SPACE',''
  ) );
#2044 = PCURVE('',#835,#2045);
#2045 = DEFINITIONAL_REPRESENTATION('',(#2046),#2050);
#2046 = LINE('',#2047,#2048);
#2047 = CARTESIAN_POINT('',(6.28318530718,-0.));
#2048 = VECTOR('',#2049,1.);
#2049 = DIRECTION('',(0.,1.));
#2050 = ( GEOMETRIC_REPRESENTATION_CONTEXT(2) 
PARAMETRIC_REPRESENTATION_CONTEXT() REPRESENTATION_CONTEXT('2D SPACE',''
  ) );
#2051 = ORIENTED_EDGE('',*,*,#814,.F.);
#2052 = ORIENTED_EDGE('',*,*,#2031,.F.);
#2053 = ADVANCED_FACE('',(#2054),#870,.F.);
#2054 = FACE_BOUND('',#2055,.F.);
#2055 = EDGE_LOOP('',(#2056,#2080,#2101,#2102));
#2056 = ORIENTED_EDGE('',*,*,#2057,.T.);
#2057 = EDGE_CURVE('',#2058,#2058,#2060,.T.);
#2058 = VERTEX_POINT('',#2059);
#2059 = CARTESIAN_POINT('',(-35.3,20.,8.5));
#2060 = SURFACE_CURVE('',#2061,(#2066,#2073),.PCURVE_S1.);
#2061 = CIRCLE('',#2062,3.3);
#2062 = AXIS2_PLACEMENT_3D('',#2063,#2064,#2065);
#2063 = CARTESIAN_POINT('',(-32.,20.,8.5));
#2064 = DIRECTION('',(0.,0.,-1.));
#2065 = DIRECTION('',(-1.,0.,0.));
#2066 = PCURVE('',#870,#2067);
#2067 = DEFINITIONAL_REPRESENTATION('',(#2068),#2072);
#2068 = LINE('',#2069,#2070);
#2069 = CARTESIAN_POINT('',(0.,6.5));
#2070 = VECTOR('',#2071,1.);
#2071 = DIRECTION('',(1.,0.));
#2072 = ( GEOMETRIC_REPRESENTATION_CONTEXT(2) 
PARAMETRIC_REPRESENTATION_CONTEXT() REPRESENTATION_CONTEXT('2D SPACE',''
  ) );
#2073 = PCURVE('',#1789,#2074);
#2074 = DEFINITIONAL_REPRESENTATION('',(#2075),#2079);
#2075 = CIRCLE('',#2076,3.3);
#2076 = AXIS2_PLACEMENT_2D('',#2077,#2078);
#2077 = CARTESIAN_POINT('',(0.,0.));
#2078 = DIRECTION('',(1.,0.));
#2079 = ( GEOMETRIC_REPRESENTATION_CONTEXT(2) 
PARAMETRIC_REPRESENTATION_CONTEXT() REPRESENTATION_CONTEXT('2D SPACE',''
  ) );
#2080 = ORIENTED_EDGE('',*,*,#2081,.T.);
#2081 = EDGE_CURVE('',#2058,#850,#2082,.T.);
#2082 = SEAM_CURVE('',#2083,(#2087,#2094),.PCURVE_S1.);
#2083 = LINE('',#2084,#2085);
#2084 = CARTESIAN_POINT('',(-35.3,20.,15.));
#2085 = VECTOR('',#2086,1.);
#2086 = DIRECTION('',(0.,0.,-1.));
#2087 = PCURVE('',#870,#2088);
#2088 = DEFINITIONAL_REPRESENTATION('',(#2089),#2093);
#2089 = LINE('',#2090,#2091);
#2090 = CARTESIAN_POINT('',(0.,-0.));
#2091 = VECTOR('',#2092,1.);
#2092 = DIRECTION('',(0.,1.));
#2093 = ( GEOMETRIC_REPRESENTATION_CONTEXT(2) 
PARAMETRIC_REPRESENTATION_CONTEXT() REPRESENTATION_CONTEXT('2D SPACE',''
  ) );
#2094 = PCURVE('',#870,#2095);
#2095 = DEFINITIONAL_REPRESENTATION('',(#2096),#2100);
#2096 = LINE('',#2097,#2098);
#2097 = CARTESIAN_POINT('',(6.28318530718,-0.));
#2098 = VECTOR('',#2099,1.);
#2099 = DIRECTION('',(0.,1.));
#2100 = ( GEOMETRIC_REPRESENTATION_CONTEXT(2) 
PARAMETRIC_REPRESENTATION_CONTEXT() REPRESENTATION_CONTEXT('2D SPACE',''
  ) );
#2101 = ORIENTED_EDGE('',*,*,#849,.F.);
#2102 = ORIENTED_EDGE('',*,*,#2081,.F.);
#2103 = ADVANCED_FACE('',(#2104),#905,.F.);
#2104 = FACE_BOUND('',#2105,.F.);
#2105 = EDGE_LOOP('',(#2106,#2130,#2151,#2152));
#2106 = ORIENTED_EDGE('',*,*,#2107,.T.);
#2107 = EDGE_CURVE('',#2108,#2108,#2110,.T.);
#2108 = VERTEX_POINT('',#2109);
#2109 = CARTESIAN_POINT('',(28.7,20.,8.5));
#2110 = SURFACE_CURVE('',#2111,(#2116,#2123),.PCURVE_S1.);
#2111 = CIRCLE('',#2112,3.3);
#2112 = AXIS2_PLACEMENT_3D('',#2113,#2114,#2115);
#2113 = CARTESIAN_POINT('',(32.,20.,8.5));
#2114 = DIRECTION('',(0.,0.,-1.));
#2115 = DIRECTION('',(-1.,0.,0.));
#2116 = PCURVE('',#905,#2117);
#2117 = DEFINITIONAL_REPRESENTATION('',(#2118),#2122);
#2118 = LINE('',#2119,#2120);
#2119 = CARTESIAN_POINT('',(0.,6.5));
#2120 = VECTOR('',#2121,1.);
#2121 = DIRECTION('',(1.,0.));
#2122 = ( GEOMETRIC_REPRESENTATION_CONTEXT(2) 
PARAMETRIC_REPRESENTATION_CONTEXT() REPRESENTATION_CONTEXT('2D SPACE',''
  ) );
#2123 = PCURVE('',#1919,#2124);
#2124 = DEFINITIONAL_REPRESENTATION('',(#2125),#2129);
#2125 = CIRCLE('',#2126,3.3);
#2126 = AXIS2_PLACEMENT_2D('',#2127,#2128);
#2127 = CARTESIAN_POINT('',(0.,0.));
#2128 = DIRECTION('',(1.,0.));
#2129 = ( GEOMETRIC_REPRESENTATION_CONTEXT(2) 
PARAMETRIC_REPRESENTATION_CONTEXT() REPRESENTATION_CONTEXT('2D SPACE',''
  ) );
#2130 = ORIENTED_EDGE('',*,*,#2131,.T.);
#2131 = EDGE_CURVE('',#2108,#885,#2132,.T.);
#2132 = SEAM_CURVE('',#2133,(#2137,#2144),.PCURVE_S1.);
#2133 = LINE('',#2134,#2135);
#2134 = CARTESIAN_POINT('',(28.7,20.,15.));
#2135 = VECTOR('',#2136,1.);
#2136 = DIRECTION('',(0.,0.,-1.));
#2137 = PCURVE('',#905,#2138);
#2138 = DEFINITIONAL_REPRESENTATION('',(#2139),#2143);
#2139 = LINE('',#2140,#2141);
#2140 = CARTESIAN_POINT('',(0.,-0.));
#2141 = VECTOR('',#2142,1.);
#2142 = DIRECTION('',(0.,1.));
#2143 = ( GEOMETRIC_REPRESENTATION_CONTEXT(2) 
PARAMETRIC_REPRESENTATION_CONTEXT() REPRESENTATION_CONTEXT('2D SPACE',''
  ) );
#2144 = PCURVE('',#905,#2145);
#2145 = DEFINITIONAL_REPRESENTATION('',(#2146),#2150);
#2146 = LINE('',#2147,#2148);
#2147 = CARTESIAN_POINT('',(6.28318530718,-0.));
#2148 = VECTOR('',#2149,1.);
#2149 = DIRECTION('',(0.,1.));
#2150 = ( GEOMETRIC_REPRESENTATION_CONTEXT(2) 
PARAMETRIC_REPRESENTATION_CONTEXT() REPRESENTATION_CONTEXT('2D SPACE',''
  ) );
#2151 = ORIENTED_EDGE('',*,*,#884,.F.);
#2152 = ORIENTED_EDGE('',*,*,#2131,.F.);
#2153 = ADVANCED_FACE('',(#2154),#1475,.F.);
#2154 = FACE_BOUND('',#2155,.F.);
#2155 = EDGE_LOOP('',(#2156,#2157));
#2156 = ORIENTED_EDGE('',*,*,#1875,.T.);
#2157 = ORIENTED_EDGE('',*,*,#1460,.F.);
#2158 = ADVANCED_FACE('',(#2159),#1161,.F.);
#2159 = FACE_BOUND('',#2160,.F.);
#2160 = EDGE_LOOP('',(#2161,#2162));
#2161 = ORIENTED_EDGE('',*,*,#1146,.T.);
#2162 = ORIENTED_EDGE('',*,*,#1827,.T.);
#2163 = ADVANCED_FACE('',(#2164,#2167),#1679,.F.);
#2164 = FACE_BOUND('',#2165,.F.);
#2165 = EDGE_LOOP('',(#2166));
#2166 = ORIENTED_EDGE('',*,*,#1662,.T.);
#2167 = FACE_BOUND('',#2168,.F.);
#2168 = EDGE_LOOP('',(#2169));
#2169 = ORIENTED_EDGE('',*,*,#1957,.F.);
#2170 = ADVANCED_FACE('',(#2171,#2174),#1734,.F.);
#2171 = FACE_BOUND('',#2172,.F.);
#2172 = EDGE_LOOP('',(#2173));
#2173 = ORIENTED_EDGE('',*,*,#1717,.T.);
#2174 = FACE_BOUND('',#2175,.F.);
#2175 = EDGE_LOOP('',(#2176));
#2176 = ORIENTED_EDGE('',*,*,#2007,.F.);
#2177 = ADVANCED_FACE('',(#2178,#2181),#1789,.F.);
#2178 = FACE_BOUND('',#2179,.F.);
#2179 = EDGE_LOOP('',(#2180));
#2180 = ORIENTED_EDGE('',*,*,#1772,.T.);
#2181 = FACE_BOUND('',#2182,.F.);
#2182 = EDGE_LOOP('',(#2183));
#2183 = ORIENTED_EDGE('',*,*,#2057,.F.);
#2184 = ADVANCED_FACE('',(#2185,#2188),#1919,.F.);
#2185 = FACE_BOUND('',#2186,.F.);
#2186 = EDGE_LOOP('',(#2187));
#2187 = ORIENTED_EDGE('',*,*,#1902,.T.);
#2188 = FACE_BOUND('',#2189,.F.);
#2189 = EDGE_LOOP('',(#2190));
#2190 = ORIENTED_EDGE('',*,*,#2107,.F.);
#2191 = ( GEOMETRIC_REPRESENTATION_CONTEXT(3) 
GLOBAL_UNCERTAINTY_ASSIGNED_CONTEXT((#2195)) 
GLOBAL_UNIT_ASSIGNED_CONTEXT((#2192,#2193,#2194)) REPRESENTATION_CONTEXT
('Context #1','3D Context with UNIT and UNCERTAINTY') );
#2192 = ( LENGTH_UNIT() NAMED_UNIT(*) SI_UNIT(.MILLI.,.METRE.) );
#2193 = ( NAMED_UNIT(*) PLANE_ANGLE_UNIT() SI_UNIT($,.RADIAN.) );
#2194 = ( NAMED_UNIT(*) SI_UNIT($,.STERADIAN.) SOLID_ANGLE_UNIT() );
#2195 = UNCERTAINTY_MEASURE_WITH_UNIT(LENGTH_MEASURE(1.E-07),#2192,
  'distance_accuracy_value','confusion accuracy');
#2196 = PRODUCT_RELATED_PRODUCT_CATEGORY('part',$,(#7));
ENDSEC;
END-ISO-10303-21;
